State,"5 - Temperature","6 - Temperature","8 - Temperature","T-101 - Spec Value (Reflux Ratio)","T-101 - Spec Value (Distillate Rate)","T-100 - Spec Value (Distillate Rate)","10 Out - Master Comp Molar Flow (diM-Ether)","15 - Master Comp Molar Flow (Methanol)","SPRDSHT-1 - A10: Q_sum"
,"C","C","C","","kgmole/h","kgmole/h","kgmole/h","kgmole/h",""
"Case 1","240.000000","340.000000","90.000000","1.300000","60.000000","110.000000","105.632704","43.723573","49155777.494529"
"Case 2","240.000000","340.000000","90.000000","1.300000","60.000000","120.000000","105.858130","33.689663","48909816.884832"
"Case 3","240.000000","340.000000","90.000000","1.300000","60.000000","130.000000","105.860742","23.844379","48427324.788625"
"Case 4","240.000000","340.000000","90.000000","1.300000","70.000000","110.000000","107.617708","41.837649","50889956.926595"
"Case 5","240.000000","340.000000","90.000000","1.300000","70.000000","120.000000","107.899862","31.664650","50406734.541355"
"Case 6","240.000000","340.000000","90.000000","1.300000","70.000000","130.000000","107.929809","21.783861","49748576.740868"
"Case 7","240.000000","340.000000","90.000000","1.300000","80.000000","110.000000","109.480492","40.002427","52508415.621977"
"Case 8","240.000000","340.000000","90.000000","1.300000","80.000000","120.000000","109.955425","29.709491","52147771.502256"
"Case 9","240.000000","340.000000","90.000000","1.300000","80.000000","130.000000","109.969589","19.733362","51258413.720525"
"Case 10","240.000000","340.000000","90.000000","1.650000","60.000000","110.000000","106.072190","43.393254","50330845.502960"
"Case 11","240.000000","340.000000","90.000000","1.650000","60.000000","120.000000","106.357808","33.287774","52760443.082836"
"Case 12","240.000000","340.000000","90.000000","1.650000","60.000000","130.000000","106.405790","23.330997","53362633.133185"
"Case 13","240.000000","340.000000","90.000000","1.650000","70.000000","110.000000","108.096770","41.453644","52244597.319446"
"Case 14","240.000000","340.000000","90.000000","1.650000","70.000000","120.000000","108.452026","31.216810","54865573.733464"
"Case 15","240.000000","340.000000","90.000000","1.650000","70.000000","130.000000","108.530780","21.207173","55119941.983283"
"Case 16","240.000000","340.000000","90.000000","1.650000","80.000000","110.000000","109.927181","39.605690","54023877.757082"
"Case 17","240.000000","340.000000","90.000000","1.650000","80.000000","120.000000","110.539990","29.193942","56948274.650511"
"Case 18","240.000000","340.000000","90.000000","1.650000","80.000000","130.000000","110.620489","19.099659","57021279.342231"
"Case 19","240.000000","340.000000","90.000000","2.000000","60.000000","110.000000","106.357014","43.193632","51545684.422023"
"Case 20","240.000000","340.000000","90.000000","2.000000","60.000000","120.000000","106.666069","33.019844","53989987.224637"
"Case 21","240.000000","340.000000","90.000000","2.000000","60.000000","130.000000","106.746461","23.016560","56095486.129585"
"Case 22","240.000000","340.000000","90.000000","2.000000","70.000000","110.000000","108.393796","41.213467","53653164.902730"
"Case 23","240.000000","340.000000","90.000000","2.000000","70.000000","120.000000","108.814321","30.892956","56300480.610415"
"Case 24","240.000000","340.000000","90.000000","2.000000","70.000000","130.000000","108.904893","20.845404","58458676.229369"
"Case 25","240.000000","340.000000","90.000000","2.000000","80.000000","110.000000","110.011646","39.539139","55682991.592638"
"Case 26","240.000000","340.000000","90.000000","2.000000","80.000000","120.000000","110.878577","28.846581","58590163.178078"
"Case 27","240.000000","340.000000","90.000000","2.000000","80.000000","130.000000","111.026970","18.709703","60816544.105819"
"Case 28","240.000000","340.000000","100.000000","1.300000","60.000000","110.000000","105.535820","43.782334","48398491.362472"
"Case 29","240.000000","340.000000","100.000000","1.300000","60.000000","120.000000","105.812951","33.721107","48585905.798346"
"Case 30","240.000000","340.000000","100.000000","1.300000","60.000000","130.000000","105.832934","23.865301","47992527.321812"
"Case 31","240.000000","340.000000","100.000000","1.300000","70.000000","110.000000","107.506792","41.922895","50114201.989750"
"Case 32","240.000000","340.000000","100.000000","1.300000","70.000000","120.000000","107.872806","31.747186","50207828.759448"
"Case 33","240.000000","340.000000","100.000000","1.300000","70.000000","130.000000","107.900758","21.808292","49368483.527119"
"Case 34","240.000000","340.000000","100.000000","1.300000","80.000000","110.000000","109.337683","40.126766","51725570.676879"
"Case 35","240.000000","340.000000","100.000000","1.300000","80.000000","120.000000","109.845199","29.789497","51680920.202037"
"Case 36","240.000000","340.000000","100.000000","1.300000","80.000000","130.000000","109.932833","19.767519","50904428.156634"
"Case 37","240.000000","340.000000","100.000000","1.650000","60.000000","110.000000","105.971155","43.464906","49575057.827381"
"Case 38","240.000000","340.000000","100.000000","1.650000","60.000000","120.000000","106.299136","33.286684","51993539.265571"
"Case 39","240.000000","340.000000","100.000000","1.650000","60.000000","130.000000","106.376625","23.360972","52859155.882109"
"Case 40","240.000000","340.000000","100.000000","1.650000","70.000000","110.000000","107.976969","41.557844","51473630.254082"
"Case 41","240.000000","340.000000","100.000000","1.650000","70.000000","120.000000","108.396316","31.271266","54076733.513582"
"Case 42","240.000000","340.000000","100.000000","1.650000","70.000000","130.000000","108.497496","21.240263","54652958.467618"
"Case 43","240.000000","340.000000","100.000000","1.650000","80.000000","110.000000","109.807236","39.728996","53246518.904323"
"Case 44","240.000000","340.000000","100.000000","1.650000","80.000000","120.000000","110.434800","29.254330","56138680.222693"
"Case 45","240.000000","340.000000","100.000000","1.650000","80.000000","130.000000","110.581552","19.135741","56584258.459183"
"Case 46","240.000000","340.000000","100.000000","2.000000","60.000000","110.000000","106.254641","43.279359","50791634.475558"
"Case 47","240.000000","340.000000","100.000000","2.000000","60.000000","120.000000","106.618031","33.065528","53225622.405501"
"Case 48","240.000000","340.000000","100.000000","2.000000","60.000000","130.000000","106.716797","23.050747","55328279.962713"
"Case 49","240.000000","340.000000","100.000000","2.000000","70.000000","110.000000","108.260960","41.321148","52888422.568424"
"Case 50","240.000000","340.000000","100.000000","2.000000","70.000000","120.000000","108.734342","30.966181","55512836.282639"
"Case 51","240.000000","340.000000","100.000000","2.000000","70.000000","130.000000","108.871715","20.886558","57668774.853066"
"Case 52","240.000000","340.000000","100.000000","2.000000","80.000000","110.000000","110.027441","39.511159","54872392.092141"
"Case 53","240.000000","340.000000","100.000000","2.000000","80.000000","120.000000","110.804538","28.917931","57778758.664203"
"Case 54","240.000000","340.000000","100.000000","2.000000","80.000000","130.000000","110.987666","18.747657","60002570.405977"
"Case 55","240.000000","340.000000","110.000000","1.300000","60.000000","110.000000","105.413019","43.857763","47592289.117818"
"Case 56","240.000000","340.000000","110.000000","1.300000","60.000000","120.000000","105.758363","33.759459","48290539.536077"
"Case 57","240.000000","340.000000","110.000000","1.300000","60.000000","130.000000","105.799819","23.887829","47566345.192667"
"Case 58","240.000000","340.000000","110.000000","1.300000","70.000000","110.000000","107.364472","42.026522","49289347.135755"
"Case 59","240.000000","340.000000","110.000000","1.300000","70.000000","120.000000","107.757820","31.805814","49730075.312692"
"Case 60","240.000000","340.000000","110.000000","1.300000","70.000000","130.000000","107.854263","21.810980","48988173.902165"
"Case 61","240.000000","340.000000","110.000000","1.300000","80.000000","110.000000","109.160053","40.262923","50899008.607974"
"Case 62","240.000000","340.000000","110.000000","1.300000","80.000000","120.000000","109.763252","29.859800","51489831.159411"
"Case 63","240.000000","340.000000","110.000000","1.300000","80.000000","130.000000","109.890101","19.805967","50585893.410401"
"Case 64","240.000000","340.000000","110.000000","1.650000","60.000000","110.000000","105.845566","43.560270","48771013.385598"
"Case 65","240.000000","340.000000","110.000000","1.650000","60.000000","120.000000","106.218231","33.364097","51177885.433973"
"Case 66","240.000000","340.000000","110.000000","1.650000","60.000000","130.000000","106.341642","23.388523","52359688.844716"
"Case 67","240.000000","340.000000","110.000000","1.650000","70.000000","110.000000","107.811370","41.684823","50654241.480987"
"Case 68","240.000000","340.000000","110.000000","1.650000","70.000000","120.000000","108.298261","31.331896","53234030.164780"
"Case 69","240.000000","340.000000","110.000000","1.650000","70.000000","130.000000","108.457545","21.275142","54190171.102157"
"Case 70","240.000000","340.000000","110.000000","1.650000","80.000000","110.000000","109.607274","39.924158","52423126.660400"
"Case 71","240.000000","340.000000","110.000000","1.650000","80.000000","120.000000","110.348308","29.336072","55274099.908596"
"Case 72","240.000000","340.000000","110.000000","1.650000","80.000000","130.000000","110.535421","19.178162","56166481.281163"
"Case 73","240.000000","340.000000","110.000000","2.000000","60.000000","110.000000","106.126206","43.386582","49988307.840260"
"Case 74","240.000000","340.000000","110.000000","2.000000","60.000000","120.000000","106.554142","33.115166","52410872.869487"
"Case 75","240.000000","340.000000","110.000000","2.000000","60.000000","130.000000","106.680834","23.078753","54510902.256927"
"Case 76","240.000000","340.000000","110.000000","2.000000","70.000000","110.000000","108.095562","41.472647","52071012.777646"
"Case 77","240.000000","340.000000","110.000000","2.000000","70.000000","120.000000","108.660763","31.040773","54672088.855196"
"Case 78","240.000000","340.000000","110.000000","2.000000","70.000000","130.000000","108.829548","20.918205","56826679.847430"
"Case 79","240.000000","340.000000","110.000000","2.000000","80.000000","110.000000","109.859334","39.769607","54029838.919871"
"Case 80","240.000000","340.000000","110.000000","2.000000","80.000000","120.000000","110.710555","29.001302","56915644.818977"
"Case 81","240.000000","340.000000","110.000000","2.000000","80.000000","130.000000","110.938444","18.789447","59134778.339107"
"Case 82","240.000000","350.000000","90.000000","1.300000","60.000000","110.000000","110.059869","37.908940","47727924.706927"
"Case 83","240.000000","350.000000","90.000000","1.300000","60.000000","120.000000","114.023313","25.324674","48073608.556645"
"Case 84","240.000000","350.000000","90.000000","1.300000","60.000000","130.000000","114.081481","15.494810","47191752.895870"
"Case 85","240.000000","350.000000","90.000000","1.300000","70.000000","110.000000","109.978973","38.197671","49641029.390302"
"Case 86","240.000000","350.000000","90.000000","1.300000","70.000000","120.000000","116.298392","23.026577","49564787.208193"
"Case 87","240.000000","350.000000","90.000000","1.300000","70.000000","130.000000","116.484917","13.152397","48703276.389483"
"Case 88","240.000000","350.000000","90.000000","1.300000","80.000000","110.000000","109.947144","38.505826","51525844.924325"
"Case 89","240.000000","350.000000","90.000000","1.300000","80.000000","120.000000","118.572160","20.928995","51669960.901138"
"Case 90","240.000000","350.000000","90.000000","1.300000","80.000000","130.000000","118.834584","10.823277","50346781.098631"
"Case 91","240.000000","350.000000","90.000000","1.650000","60.000000","110.000000","110.022190","38.453411","48963202.972912"
"Case 92","240.000000","350.000000","90.000000","1.650000","60.000000","120.000000","114.590531","24.896313","51539357.082308"
"Case 93","240.000000","350.000000","90.000000","1.650000","60.000000","130.000000","114.745088","14.907879","52280827.665980"
"Case 94","240.000000","350.000000","90.000000","1.650000","70.000000","110.000000","110.004240","38.632282","51092495.559956"
"Case 95","240.000000","350.000000","90.000000","1.650000","70.000000","120.000000","116.944484","22.563503","53428757.695734"
"Case 96","240.000000","350.000000","90.000000","1.650000","70.000000","130.000000","117.202209","12.473269","54165334.919792"
"Case 97","240.000000","350.000000","90.000000","1.650000","80.000000","110.000000","109.974288","38.914105","53182530.550322"
"Case 98","240.000000","350.000000","90.000000","1.650000","80.000000","120.000000","119.250851","20.305854","55188304.983098"
"Case 99","240.000000","350.000000","90.000000","1.650000","80.000000","130.000000","119.623084","10.054126","56125364.671030"
"Case 100","240.000000","350.000000","90.000000","2.000000","60.000000","110.000000","110.020959","38.801062","50228062.649053"
"Case 101","240.000000","350.000000","90.000000","2.000000","60.000000","120.000000","114.937913","24.587428","52739260.773292"
"Case 102","240.000000","350.000000","90.000000","2.000000","60.000000","130.000000","115.149266","14.488831","55157773.477067"
"Case 103","240.000000","350.000000","90.000000","2.000000","70.000000","110.000000","109.997189","38.979791","52563987.071406"
"Case 104","240.000000","350.000000","90.000000","2.000000","70.000000","120.000000","117.346766","22.209846","54822282.517468"
"Case 105","240.000000","350.000000","90.000000","2.000000","70.000000","130.000000","117.642299","12.064423","57426330.309887"
"Case 106","240.000000","350.000000","90.000000","2.000000","80.000000","110.000000","109.990286","39.148859","54866306.033879"
"Case 107","240.000000","350.000000","90.000000","2.000000","80.000000","120.000000","119.628566","19.922495","56738644.456251"
"Case 108","240.000000","350.000000","90.000000","2.000000","80.000000","130.000000","120.114681","9.648354","59679785.082691"
"Case 109","240.000000","350.000000","100.000000","1.300000","60.000000","110.000000","110.059521","37.910526","46954498.360209"
"Case 110","240.000000","350.000000","100.000000","1.300000","60.000000","120.000000","113.952762","25.374829","47855790.514159"
"Case 111","240.000000","350.000000","100.000000","1.300000","60.000000","130.000000","114.008450","15.503914","46649918.496274"
"Case 112","240.000000","350.000000","100.000000","1.300000","70.000000","110.000000","109.975900","38.211862","48837384.834629"
"Case 113","240.000000","350.000000","100.000000","1.300000","70.000000","120.000000","116.220177","23.039443","49423530.318836"
"Case 114","240.000000","350.000000","100.000000","1.300000","70.000000","130.000000","116.442384","13.189898","48438152.206020"
"Case 115","240.000000","350.000000","100.000000","1.300000","80.000000","110.000000","109.955517","38.495179","50694460.391135"
"Case 116","240.000000","350.000000","100.000000","1.300000","80.000000","120.000000","118.456119","21.018998","51592024.394708"
"Case 117","240.000000","350.000000","100.000000","1.300000","80.000000","130.000000","118.797515","10.857960","50201960.288566"
"Case 118","240.000000","350.000000","100.000000","1.650000","60.000000","110.000000","110.024318","38.435454","48189255.772262"
"Case 119","240.000000","350.000000","100.000000","1.650000","60.000000","120.000000","114.510687","24.953493","50782281.845440"
"Case 120","240.000000","350.000000","100.000000","1.650000","60.000000","130.000000","114.704686","14.940156","51882837.135796"
"Case 121","240.000000","350.000000","100.000000","1.650000","70.000000","110.000000","109.972890","38.707331","50283292.061944"
"Case 122","240.000000","350.000000","100.000000","1.650000","70.000000","120.000000","116.855721","22.635253","52654330.202599"
"Case 123","240.000000","350.000000","100.000000","1.650000","70.000000","130.000000","117.156832","12.519030","53816733.961941"
"Case 124","240.000000","350.000000","100.000000","1.650000","80.000000","110.000000","109.971736","38.917643","52348824.741990"
"Case 125","240.000000","350.000000","100.000000","1.650000","80.000000","120.000000","119.129159","20.413961","54405539.609573"
"Case 126","240.000000","350.000000","100.000000","1.650000","80.000000","130.000000","119.546663","10.135976","55844878.376810"
"Case 127","240.000000","350.000000","100.000000","2.000000","60.000000","110.000000","110.014876","38.753271","49453586.555156"
"Case 128","240.000000","350.000000","100.000000","2.000000","60.000000","120.000000","114.870550","24.684193","51984322.835111"
"Case 129","240.000000","350.000000","100.000000","2.000000","60.000000","130.000000","115.108984","14.586749","54392065.902381"
"Case 130","240.000000","350.000000","100.000000","2.000000","70.000000","110.000000","110.018777","38.936467","51762307.395595"
"Case 131","240.000000","350.000000","100.000000","2.000000","70.000000","120.000000","117.252706","22.302643","54047616.087879"
"Case 132","240.000000","350.000000","100.000000","2.000000","70.000000","130.000000","117.605314","12.136658","56641778.909891"
"Case 133","240.000000","350.000000","100.000000","2.000000","80.000000","110.000000","109.988015","39.153877","54031483.095191"
"Case 134","240.000000","350.000000","100.000000","2.000000","80.000000","120.000000","119.493900","20.025471","55964934.811382"
"Case 135","240.000000","350.000000","100.000000","2.000000","80.000000","130.000000","119.999062","9.617339","58866555.998406"
"Case 136","240.000000","350.000000","110.000000","1.300000","60.000000","110.000000","110.066815","37.845558","45931264.993384"
"Case 137","240.000000","350.000000","110.000000","1.300000","60.000000","120.000000","113.829497","25.454452","47499111.306210"
"Case 138","240.000000","350.000000","110.000000","1.300000","60.000000","130.000000","113.957269","15.533631","46324908.782865"
"Case 139","240.000000","350.000000","110.000000","1.300000","70.000000","110.000000","109.987192","38.206773","47545590.313455"
"Case 140","240.000000","350.000000","110.000000","1.300000","70.000000","120.000000","116.111212","23.118390","49330572.332594"
"Case 141","240.000000","350.000000","110.000000","1.300000","70.000000","130.000000","116.335012","13.195823","47935981.707756"
"Case 142","240.000000","350.000000","110.000000","1.300000","80.000000","110.000000","109.976308","38.488884","49151061.659786"
"Case 143","240.000000","350.000000","110.000000","1.300000","80.000000","120.000000","118.353750","21.056503","51739039.536012"
"Case 144","240.000000","350.000000","110.000000","1.300000","80.000000","130.000000","118.666996","10.879361","49707554.835667"
"Case 145","240.000000","350.000000","110.000000","1.650000","60.000000","110.000000","110.022990","38.434814","47076525.022389"
"Case 146","240.000000","350.000000","110.000000","1.650000","60.000000","120.000000","114.406163","25.015141","49974746.952589"
"Case 147","240.000000","350.000000","110.000000","1.650000","60.000000","130.000000","114.655702","14.982179","51491121.336369"
"Case 148","240.000000","350.000000","110.000000","1.650000","70.000000","110.000000","110.000475","38.655732","48926340.504928"
"Case 149","240.000000","350.000000","110.000000","1.650000","70.000000","120.000000","116.764446","22.756430","51828629.929325"
"Case 150","240.000000","350.000000","110.000000","1.650000","70.000000","130.000000","117.091585","12.563162","53450708.103283"
"Case 151","240.000000","350.000000","110.000000","1.650000","80.000000","110.000000","109.999625","38.863897","50751412.297732"
"Case 152","240.000000","350.000000","110.000000","1.650000","80.000000","120.000000","118.970279","20.543622","53573029.937789"
"Case 153","240.000000","350.000000","110.000000","1.650000","80.000000","130.000000","119.481468","10.217285","55564311.594541"
"Case 154","240.000000","350.000000","110.000000","2.000000","60.000000","110.000000","110.053192","38.713418","48300962.473814"
"Case 155","240.000000","350.000000","110.000000","2.000000","60.000000","120.000000","114.768264","24.762567","51175829.556646"
"Case 156","240.000000","350.000000","110.000000","2.000000","60.000000","130.000000","115.057983","14.632982","53576060.833705"
"Case 157","240.000000","350.000000","110.000000","2.000000","70.000000","110.000000","109.994356","39.001023","50353751.863619"
"Case 158","240.000000","350.000000","110.000000","2.000000","70.000000","120.000000","117.106819","22.447630","53221040.872865"
"Case 159","240.000000","350.000000","110.000000","2.000000","70.000000","130.000000","117.526164","12.170930","55801241.062548"
"Case 160","240.000000","350.000000","110.000000","2.000000","80.000000","110.000000","110.004628","39.137635","52395070.356759"
"Case 161","240.000000","350.000000","110.000000","2.000000","80.000000","120.000000","119.350240","20.241591","55136522.045754"
"Case 162","240.000000","350.000000","110.000000","2.000000","80.000000","130.000000","119.947138","9.789896","58002722.461581"
"Case 163","240.000000","360.000000","90.000000","1.300000","60.000000","110.000000","109.996297","36.497408","46826573.832230"
"Case 164","240.000000","360.000000","90.000000","1.300000","60.000000","120.000000","120.027482","18.759406","48837623.323207"
"Case 165","240.000000","360.000000","90.000000","1.300000","60.000000","130.000000","121.054964","8.337120","45867088.928895"
"Case 166","240.000000","360.000000","90.000000","1.300000","70.000000","110.000000","109.985167","37.170087","48555280.532218"
"Case 167","240.000000","360.000000","90.000000","1.300000","70.000000","120.000000","119.996232","18.513918","50772922.417362"
"Case 168","240.000000","360.000000","90.000000","1.300000","70.000000","130.000000","123.726257","5.749584","47418095.796318"
"Case 169","240.000000","360.000000","90.000000","1.300000","80.000000","110.000000","110.004518","37.680055","50298931.684993"
"Case 170","240.000000","360.000000","90.000000","1.300000","80.000000","120.000000","119.965242","18.591049","52676186.571163"
"Case 171","240.000000","360.000000","90.000000","1.300000","80.000000","130.000000","126.291569","3.215723","49131287.627146"
"Case 172","240.000000","360.000000","90.000000","1.650000","60.000000","110.000000","109.998630","37.391544","47967581.007454"
"Case 173","240.000000","360.000000","90.000000","1.650000","60.000000","120.000000","119.948816","18.999661","50045695.920094"
"Case 174","240.000000","360.000000","90.000000","1.650000","60.000000","130.000000","121.860149","7.598847","51152513.172910"
"Case 175","240.000000","360.000000","90.000000","1.650000","70.000000","110.000000","109.973988","37.964213","49892579.187018"
"Case 176","240.000000","360.000000","90.000000","1.650000","70.000000","120.000000","119.977425","18.861629","52214821.772459"
"Case 177","240.000000","360.000000","90.000000","1.650000","70.000000","130.000000","124.586420","4.901389","53084270.759557"
"Case 178","240.000000","360.000000","90.000000","1.650000","80.000000","110.000000","109.976740","38.392264","51829971.548815"
"Case 179","240.000000","360.000000","90.000000","1.650000","80.000000","120.000000","119.975649","18.917904","54332855.304944"
"Case 180","240.000000","360.000000","90.000000","1.650000","80.000000","130.000000","127.204400","2.378839","54986562.576391"
"Case 181","240.000000","360.000000","90.000000","2.000000","60.000000","110.000000","110.011273","37.999380","49134225.809348"
"Case 182","240.000000","360.000000","90.000000","2.000000","60.000000","120.000000","120.010705","19.078104","51307579.550069"
"Case 183","240.000000","360.000000","90.000000","2.000000","60.000000","130.000000","122.337121","7.173807","54157698.094251"
"Case 184","240.000000","360.000000","90.000000","2.000000","70.000000","110.000000","109.980045","38.399528","51264484.818467"
"Case 185","240.000000","360.000000","90.000000","2.000000","70.000000","120.000000","119.948088","19.166118","53690250.555788"
"Case 186","240.000000","360.000000","90.000000","2.000000","70.000000","130.000000","125.094551","4.420272","56263079.158807"
"Case 187","240.000000","360.000000","90.000000","2.000000","80.000000","110.000000","109.960195","38.781250","53393129.218277"
"Case 188","240.000000","360.000000","90.000000","2.000000","80.000000","120.000000","119.983067","19.154869","56021785.551297"
"Case 189","240.000000","360.000000","90.000000","2.000000","80.000000","130.000000","127.729369","1.874925","58284459.364400"
"Case 190","240.000000","360.000000","100.000000","1.300000","60.000000","110.000000","110.002104","36.485280","46043549.378021"
"Case 191","240.000000","360.000000","100.000000","1.300000","60.000000","120.000000","120.051668","18.733411","48075995.431591"
"Case 192","240.000000","360.000000","100.000000","1.300000","60.000000","130.000000","120.999174","8.373079","45643895.059544"
"Case 193","240.000000","360.000000","100.000000","1.300000","70.000000","110.000000","109.993781","37.157390","47741456.378177"
"Case 194","240.000000","360.000000","100.000000","1.300000","70.000000","120.000000","119.996188","18.513213","49978624.065370"
"Case 195","240.000000","360.000000","100.000000","1.300000","70.000000","130.000000","123.656604","5.800410","47200572.883480"
"Case 196","240.000000","360.000000","100.000000","1.300000","80.000000","110.000000","110.041161","37.579583","49366057.404404"
"Case 197","240.000000","360.000000","100.000000","1.300000","80.000000","120.000000","119.965799","18.596968","51851331.986791"
"Case 198","240.000000","360.000000","100.000000","1.300000","80.000000","130.000000","126.238551","3.314983","49051997.188577"
"Case 199","240.000000","360.000000","100.000000","1.650000","60.000000","110.000000","109.990693","37.330072","47189986.736226"
"Case 200","240.000000","360.000000","100.000000","1.650000","60.000000","120.000000","120.010051","18.904394","49283930.757837"
"Case 201","240.000000","360.000000","100.000000","1.650000","60.000000","130.000000","121.781406","7.645504","50859098.248944"
"Case 202","240.000000","360.000000","100.000000","1.650000","70.000000","110.000000","109.978674","37.956155","49077283.713155"
"Case 203","240.000000","360.000000","100.000000","1.650000","70.000000","120.000000","119.914526","18.977151","51412293.558451"
"Case 204","240.000000","360.000000","100.000000","1.650000","70.000000","130.000000","124.516500","4.957416","52813716.530497"
"Case 205","240.000000","360.000000","100.000000","1.650000","80.000000","110.000000","109.996518","38.322197","50838036.138545"
"Case 206","240.000000","360.000000","100.000000","1.650000","80.000000","120.000000","119.960764","18.939237","53506048.085396"
"Case 207","240.000000","360.000000","100.000000","1.650000","80.000000","130.000000","127.117162","2.417449","54809555.152355"
"Case 208","240.000000","360.000000","100.000000","2.000000","60.000000","110.000000","109.998224","38.010652","48346337.530091"
"Case 209","240.000000","360.000000","100.000000","2.000000","60.000000","120.000000","119.951367","19.172701","50536672.753509"
"Case 210","240.000000","360.000000","100.000000","2.000000","60.000000","130.000000","122.277511","7.221721","53400790.196692"
"Case 211","240.000000","360.000000","100.000000","2.000000","70.000000","110.000000","109.974337","38.422349","50444630.332687"
"Case 212","240.000000","360.000000","100.000000","2.000000","70.000000","120.000000","119.925938","19.208552","52890262.778141"
"Case 213","240.000000","360.000000","100.000000","2.000000","70.000000","130.000000","125.021044","4.487145","55486905.601050"
"Case 214","240.000000","360.000000","100.000000","2.000000","80.000000","110.000000","109.997310","38.747255","52373223.208045"
"Case 215","240.000000","360.000000","100.000000","2.000000","80.000000","120.000000","119.980924","19.153255","55195006.031818"
"Case 216","240.000000","360.000000","100.000000","2.000000","80.000000","130.000000","127.644580","1.980319","57491533.855592"
"Case 217","240.000000","360.000000","110.000000","1.300000","60.000000","110.000000","110.018557","36.426549","44004722.447700"
"Case 218","240.000000","360.000000","110.000000","1.300000","60.000000","120.000000","119.992517","18.802751","47004275.604854"
"Case 219","240.000000","360.000000","110.000000","1.300000","60.000000","130.000000","120.930905","8.424811","45408470.003653"
"Case 220","240.000000","360.000000","110.000000","1.300000","70.000000","110.000000","110.013249","37.108624","45408243.412473"
"Case 221","240.000000","360.000000","110.000000","1.300000","70.000000","120.000000","119.981668","18.538631","48608014.249838"
"Case 222","240.000000","360.000000","110.000000","1.300000","70.000000","130.000000","123.569322","5.858071","47026633.088364"
"Case 223","240.000000","360.000000","110.000000","1.300000","80.000000","110.000000","110.001349","37.573192","46852873.773719"
"Case 224","240.000000","360.000000","110.000000","1.300000","80.000000","120.000000","119.979388","18.565232","50193788.084616"
"Case 225","240.000000","360.000000","110.000000","1.300000","80.000000","130.000000","126.147583","3.380860","49006404.058185"
"Case 226","240.000000","360.000000","110.000000","1.650000","60.000000","110.000000","110.015070","37.349141","45081283.983454"
"Case 227","240.000000","360.000000","110.000000","1.650000","60.000000","120.000000","120.017194","18.890996","48102893.040355"
"Case 228","240.000000","360.000000","110.000000","1.650000","60.000000","130.000000","121.714020","7.708899","50553763.265792"
"Case 229","240.000000","360.000000","110.000000","1.650000","70.000000","110.000000","109.998570","37.935853","46684726.861924"
"Case 230","240.000000","360.000000","110.000000","1.650000","70.000000","120.000000","119.934506","18.944676","49939319.755519"
"Case 231","240.000000","360.000000","110.000000","1.650000","70.000000","130.000000","124.427777","5.084058","52550936.065947"
"Case 232","240.000000","360.000000","110.000000","1.650000","80.000000","110.000000","110.001985","38.328561","48321995.805300"
"Case 233","240.000000","360.000000","110.000000","1.650000","80.000000","120.000000","119.976350","18.914875","51762667.895004"
"Case 234","240.000000","360.000000","110.000000","1.650000","80.000000","130.000000","127.010838","2.509675","54697008.739153"
"Case 235","240.000000","360.000000","110.000000","2.000000","60.000000","110.000000","110.015426","37.967516","46209854.746504"
"Case 236","240.000000","360.000000","110.000000","2.000000","60.000000","120.000000","119.965792","19.157586","49286116.793603"
"Case 237","240.000000","360.000000","110.000000","2.000000","60.000000","130.000000","122.168836","7.303124","52395997.093871"
"Case 238","240.000000","360.000000","110.000000","2.000000","70.000000","110.000000","109.995461","38.409138","48022245.338389"
"Case 239","240.000000","360.000000","110.000000","2.000000","70.000000","120.000000","119.936666","19.193541","51361154.014300"
"Case 240","240.000000","360.000000","110.000000","2.000000","70.000000","130.000000","124.912888","4.617942","54490307.344278"
"Case 241","240.000000","360.000000","110.000000","2.000000","80.000000","110.000000","110.000353","38.729035","49863061.803702"
"Case 242","240.000000","360.000000","110.000000","2.000000","80.000000","120.000000","119.981473","19.151956","53403531.656410"
"Case 243","240.000000","360.000000","110.000000","2.000000","80.000000","130.000000","127.513850","2.087521","56500342.031573"
"Case 244","250.000000","340.000000","90.000000","1.300000","60.000000","110.000000","108.512811","40.735284","48493107.035025"
"Case 245","250.000000","340.000000","90.000000","1.300000","60.000000","120.000000","108.851897","30.632939","48593046.591533"
"Case 246","250.000000","340.000000","90.000000","1.300000","60.000000","130.000000","108.875505","20.776638","47954148.611613"
"Case 247","250.000000","340.000000","90.000000","1.300000","70.000000","110.000000","110.018441","39.162955","50104265.362946"
"Case 248","250.000000","340.000000","90.000000","1.300000","70.000000","120.000000","110.998303","28.525515","50021978.808104"
"Case 249","250.000000","340.000000","90.000000","1.300000","70.000000","130.000000","111.060746","18.600304","49348401.151536"
"Case 250","250.000000","340.000000","90.000000","1.300000","80.000000","110.000000","109.971883","39.073625","52097728.980428"
"Case 251","250.000000","340.000000","90.000000","1.300000","80.000000","120.000000","113.119289","26.417452","51860936.305575"
"Case 252","250.000000","340.000000","90.000000","1.300000","80.000000","130.000000","113.211485","16.441165","50909695.920270"
"Case 253","250.000000","340.000000","90.000000","1.650000","60.000000","110.000000","108.977160","40.389632","49632378.097456"
"Case 254","250.000000","340.000000","90.000000","1.650000","60.000000","120.000000","109.405126","30.201541","52361440.357125"
"Case 255","250.000000","340.000000","90.000000","1.650000","60.000000","130.000000","109.462062","20.231662","52965013.064692"
"Case 256","250.000000","340.000000","90.000000","1.650000","70.000000","110.000000","109.979583","39.326961","51549701.393894"
"Case 257","250.000000","340.000000","90.000000","1.650000","70.000000","120.000000","111.580102","28.006324","54413309.243741"
"Case 258","250.000000","340.000000","90.000000","1.650000","70.000000","130.000000","111.701496","17.988452","54748782.437819"
"Case 259","250.000000","340.000000","90.000000","1.650000","80.000000","110.000000","110.021947","39.197620","53781091.583557"
"Case 260","250.000000","340.000000","90.000000","1.650000","80.000000","120.000000","113.752794","25.878475","56441176.637414"
"Case 261","250.000000","340.000000","90.000000","1.650000","80.000000","130.000000","113.905267","15.839818","56686283.495834"
"Case 262","250.000000","340.000000","90.000000","2.000000","60.000000","110.000000","109.248231","40.215678","50813018.280532"
"Case 263","250.000000","340.000000","90.000000","2.000000","60.000000","120.000000","109.732947","29.924741","53584515.037662"
"Case 264","250.000000","340.000000","90.000000","2.000000","60.000000","130.000000","109.824239","19.903203","55771440.824139"
"Case 265","250.000000","340.000000","90.000000","2.000000","70.000000","110.000000","110.014030","39.379706","53033968.580838"
"Case 266","250.000000","340.000000","90.000000","2.000000","70.000000","120.000000","111.938286","27.674460","55838415.824795"
"Case 267","250.000000","340.000000","90.000000","2.000000","70.000000","130.000000","112.099899","17.620050","58107806.777339"
"Case 268","250.000000","340.000000","90.000000","2.000000","80.000000","110.000000","109.997597","39.402632","55486266.781578"
"Case 269","250.000000","340.000000","90.000000","2.000000","80.000000","120.000000","114.145443","25.517162","58068349.600096"
"Case 270","250.000000","340.000000","90.000000","2.000000","80.000000","130.000000","114.337294","15.427116","60430340.371699"
"Case 271","250.000000","340.000000","100.000000","1.300000","60.000000","110.000000","108.404920","40.759836","47761356.435635"
"Case 272","250.000000","340.000000","100.000000","1.300000","60.000000","120.000000","108.774579","30.682770","48147589.730782"
"Case 273","250.000000","340.000000","100.000000","1.300000","60.000000","130.000000","108.844014","20.798716","47557775.032685"
"Case 274","250.000000","340.000000","100.000000","1.300000","70.000000","110.000000","110.017357","39.135710","49315051.911753"
"Case 275","250.000000","340.000000","100.000000","1.300000","70.000000","120.000000","110.944574","28.611349","49789919.816115"
"Case 276","250.000000","340.000000","100.000000","1.300000","70.000000","130.000000","111.027011","18.624641","49010760.984859"
"Case 277","250.000000","340.000000","100.000000","1.300000","80.000000","110.000000","110.020757","38.982471","51280368.909530"
"Case 278","250.000000","340.000000","100.000000","1.300000","80.000000","120.000000","113.042583","26.483502","51687553.796613"
"Case 279","250.000000","340.000000","100.000000","1.300000","80.000000","130.000000","113.171189","16.552895","50611671.689332"
"Case 280","250.000000","340.000000","100.000000","1.650000","60.000000","110.000000","108.858705","40.488880","48889752.747270"
"Case 281","250.000000","340.000000","100.000000","1.650000","60.000000","120.000000","109.327739","30.267277","51598230.013727"
"Case 282","250.000000","340.000000","100.000000","1.650000","60.000000","130.000000","109.427317","20.255905","52491291.679575"
"Case 283","250.000000","340.000000","100.000000","1.650000","70.000000","110.000000","109.988938","39.306980","50756305.727275"
"Case 284","250.000000","340.000000","100.000000","1.650000","70.000000","120.000000","111.509869","28.062786","53627479.424387"
"Case 285","250.000000","340.000000","100.000000","1.650000","70.000000","130.000000","111.664471","18.023580","54321352.676937"
"Case 286","250.000000","340.000000","100.000000","1.650000","80.000000","110.000000","110.034406","39.173664","52958766.664645"
"Case 287","250.000000","340.000000","100.000000","1.650000","80.000000","120.000000","113.669900","25.955282","55633652.632881"
"Case 288","250.000000","340.000000","100.000000","1.650000","80.000000","130.000000","113.862068","15.883863","56300060.165712"
"Case 289","250.000000","340.000000","100.000000","2.000000","60.000000","110.000000","109.134369","40.356670","50069242.153701"
"Case 290","250.000000","340.000000","100.000000","2.000000","60.000000","120.000000","109.652472","29.999652","52821886.638494"
"Case 291","250.000000","340.000000","100.000000","2.000000","60.000000","130.000000","109.789396","19.933215","55005869.792643"
"Case 292","250.000000","340.000000","100.000000","2.000000","70.000000","110.000000","110.014048","39.378405","52238536.181831"
"Case 293","250.000000","340.000000","100.000000","2.000000","70.000000","120.000000","111.866940","27.741743","55053765.909288"
"Case 294","250.000000","340.000000","100.000000","2.000000","70.000000","130.000000","112.060912","17.653114","57319172.013834"
"Case 295","250.000000","340.000000","100.000000","2.000000","80.000000","110.000000","110.042765","39.285114","54667072.737825"
"Case 296","250.000000","340.000000","100.000000","2.000000","80.000000","120.000000","114.063724","25.603481","57260286.700412"
"Case 297","250.000000","340.000000","100.000000","2.000000","80.000000","130.000000","114.291446","15.474351","59617782.317977"
"Case 298","250.000000","340.000000","110.000000","1.300000","60.000000","110.000000","108.261610","40.853848","46967812.213001"
"Case 299","250.000000","340.000000","110.000000","1.300000","60.000000","120.000000","108.743849","30.763441","48108726.457455"
"Case 300","250.000000","340.000000","110.000000","1.300000","60.000000","130.000000","108.803173","20.800878","47189146.765764"
"Case 301","250.000000","340.000000","110.000000","1.300000","70.000000","110.000000","109.996046","39.168613","48471570.552131"
"Case 302","250.000000","340.000000","110.000000","1.300000","70.000000","120.000000","110.860793","28.670111","49575006.053472"
"Case 303","250.000000","340.000000","110.000000","1.300000","70.000000","130.000000","110.984667","18.661257","48685429.843152"
"Case 304","250.000000","340.000000","110.000000","1.300000","80.000000","110.000000","110.012081","38.991526","50402049.657739"
"Case 305","250.000000","340.000000","110.000000","1.300000","80.000000","120.000000","112.948003","26.566246","51565537.693413"
"Case 306","250.000000","340.000000","110.000000","1.300000","80.000000","130.000000","113.123468","16.602283","50347923.746586"
"Case 307","250.000000","340.000000","110.000000","1.650000","60.000000","110.000000","108.719302","40.617425","48098702.253219"
"Case 308","250.000000","340.000000","110.000000","1.650000","60.000000","120.000000","109.226478","30.305226","50782778.327712"
"Case 309","250.000000","340.000000","110.000000","1.650000","60.000000","130.000000","109.387208","20.291933","52025331.990788"
"Case 310","250.000000","340.000000","110.000000","1.650000","70.000000","110.000000","110.030367","39.244323","49910584.767180"
"Case 311","250.000000","340.000000","110.000000","1.650000","70.000000","120.000000","111.424688","28.139617","52789492.387206"
"Case 312","250.000000","340.000000","110.000000","1.650000","70.000000","130.000000","111.618525","18.060458","53907245.367337"
"Case 313","250.000000","340.000000","110.000000","1.650000","80.000000","110.000000","110.028861","39.192781","52077854.747787"
"Case 314","250.000000","340.000000","110.000000","1.650000","80.000000","120.000000","113.558325","25.989925","54771296.329601"
"Case 315","250.000000","340.000000","110.000000","1.650000","80.000000","130.000000","113.807785","15.940809","55928239.327455"
"Case 316","250.000000","340.000000","110.000000","2.000000","60.000000","110.000000","108.958912","40.468440","49291456.203951"
"Case 317","250.000000","340.000000","110.000000","2.000000","60.000000","120.000000","109.582350","30.069760","52006766.402667"
"Case 318","250.000000","340.000000","110.000000","2.000000","60.000000","130.000000","109.746548","19.958951","54189498.656094"
"Case 319","250.000000","340.000000","110.000000","2.000000","70.000000","110.000000","110.002701","39.397517","51387940.611346"
"Case 320","250.000000","340.000000","110.000000","2.000000","70.000000","120.000000","111.777718","27.824699","54215853.992742"
"Case 321","250.000000","340.000000","110.000000","2.000000","70.000000","130.000000","112.013381","17.696176","56476897.917638"
"Case 322","250.000000","340.000000","110.000000","2.000000","80.000000","110.000000","110.039038","39.312485","53783257.649779"
"Case 323","250.000000","340.000000","110.000000","2.000000","80.000000","120.000000","113.950279","25.700882","56402024.013128"
"Case 324","250.000000","340.000000","110.000000","2.000000","80.000000","130.000000","114.235518","15.538677","58750191.630497"
"Case 325","250.000000","350.000000","90.000000","1.300000","60.000000","110.000000","110.060507","37.260434","47487166.642676"
"Case 326","250.000000","350.000000","90.000000","1.300000","60.000000","120.000000","116.411250","22.782739","47662945.547997"
"Case 327","250.000000","350.000000","90.000000","1.300000","60.000000","130.000000","116.511799","12.970812","46590458.700690"
"Case 328","250.000000","350.000000","90.000000","1.300000","70.000000","110.000000","109.935063","37.931713","49312234.165117"
"Case 329","250.000000","350.000000","90.000000","1.300000","70.000000","120.000000","118.814750","20.536783","49647852.426994"
"Case 330","250.000000","350.000000","90.000000","1.300000","70.000000","130.000000","119.002690","10.518352","48158088.677483"
"Case 331","250.000000","350.000000","90.000000","1.300000","80.000000","110.000000","109.917561","38.324814","51137755.394621"
"Case 332","250.000000","350.000000","90.000000","1.300000","80.000000","120.000000","119.932219","19.334875","53114187.598078"
"Case 333","250.000000","350.000000","90.000000","1.300000","80.000000","130.000000","121.470248","8.056037","49879872.082284"
"Case 334","250.000000","350.000000","90.000000","1.650000","60.000000","110.000000","110.008229","38.011935","48696836.336829"
"Case 335","250.000000","350.000000","90.000000","1.650000","60.000000","120.000000","117.034709","22.417730","51039545.834329"
"Case 336","250.000000","350.000000","90.000000","1.650000","60.000000","130.000000","117.254727","12.354884","51978182.956601"
"Case 337","250.000000","350.000000","90.000000","1.650000","70.000000","110.000000","109.964484","38.470867","50735864.374922"
"Case 338","250.000000","350.000000","90.000000","1.650000","70.000000","120.000000","119.444957","19.981507","52740531.482489"
"Case 339","250.000000","350.000000","90.000000","1.650000","70.000000","130.000000","119.799144","9.843409","53861526.151309"
"Case 340","250.000000","350.000000","90.000000","1.650000","80.000000","110.000000","109.982779","38.701639","52778846.525503"
"Case 341","250.000000","350.000000","90.000000","1.650000","80.000000","120.000000","119.992818","19.348631","54764012.114590"
"Case 342","250.000000","350.000000","90.000000","1.650000","80.000000","130.000000","122.290037","7.248012","55739468.978858"
"Case 343","250.000000","350.000000","90.000000","2.000000","60.000000","110.000000","110.002845","38.486968","49936891.885292"
"Case 344","250.000000","350.000000","90.000000","2.000000","60.000000","120.000000","117.409086","22.085937","52219568.076168"
"Case 345","250.000000","350.000000","90.000000","2.000000","60.000000","130.000000","117.680668","11.982267","54832779.361526"
"Case 346","250.000000","350.000000","90.000000","2.000000","70.000000","110.000000","109.985328","38.829903","52183262.077238"
"Case 347","250.000000","350.000000","90.000000","2.000000","70.000000","120.000000","119.806841","19.667914","54085028.561359"
"Case 348","250.000000","350.000000","90.000000","2.000000","70.000000","130.000000","120.284670","9.395510","57062428.384294"
"Case 349","250.000000","350.000000","90.000000","2.000000","80.000000","110.000000","109.992260","38.991176","54427587.715225"
"Case 350","250.000000","350.000000","90.000000","2.000000","80.000000","120.000000","119.992019","19.448772","56455121.723648"
"Case 351","250.000000","350.000000","90.000000","2.000000","80.000000","130.000000","122.789994","6.833975","59259466.431688"
"Case 352","250.000000","350.000000","100.000000","1.300000","60.000000","110.000000","110.004605","37.371452","46701797.476004"
"Case 353","250.000000","350.000000","100.000000","1.300000","60.000000","120.000000","116.327367","22.828647","47493691.682337"
"Case 354","250.000000","350.000000","100.000000","1.300000","60.000000","130.000000","116.464401","12.997501","46277164.945617"
"Case 355","250.000000","350.000000","100.000000","1.300000","70.000000","110.000000","109.920500","37.971432","48501648.744203"
"Case 356","250.000000","350.000000","100.000000","1.300000","70.000000","120.000000","118.705596","20.607217","49539846.911319"
"Case 357","250.000000","350.000000","100.000000","1.300000","70.000000","130.000000","118.946854","10.557337","47901226.705945"
"Case 358","250.000000","350.000000","100.000000","1.300000","80.000000","110.000000","109.958613","38.304605","50306548.644391"
"Case 359","250.000000","350.000000","100.000000","1.300000","80.000000","120.000000","119.941688","19.341371","52300250.265218"
"Case 360","250.000000","350.000000","100.000000","1.300000","80.000000","130.000000","121.413894","8.153843","49701644.768676"
"Case 361","250.000000","350.000000","100.000000","1.650000","60.000000","110.000000","110.004743","38.018622","47917618.906279"
"Case 362","250.000000","350.000000","100.000000","1.650000","60.000000","120.000000","116.947675","22.471818","50289493.602413"
"Case 363","250.000000","350.000000","100.000000","1.650000","60.000000","130.000000","117.202436","12.391627","51569708.464673"
"Case 364","250.000000","350.000000","100.000000","1.650000","70.000000","110.000000","109.966215","38.473279","49926621.215886"
"Case 365","250.000000","350.000000","100.000000","1.650000","70.000000","120.000000","119.342731","20.085162","51985825.309068"
"Case 366","250.000000","350.000000","100.000000","1.650000","70.000000","130.000000","119.751452","9.900192","53540992.683864"
"Case 367","250.000000","350.000000","100.000000","1.650000","80.000000","110.000000","109.960113","38.761330","51930861.684391"
"Case 368","250.000000","350.000000","100.000000","1.650000","80.000000","120.000000","120.001818","19.324643","53948385.049047"
"Case 369","250.000000","350.000000","100.000000","1.650000","80.000000","130.000000","122.223431","7.308786","55451645.293438"
"Case 370","250.000000","350.000000","100.000000","2.000000","60.000000","110.000000","109.999842","38.492634","49157051.289672"
"Case 371","250.000000","350.000000","100.000000","2.000000","60.000000","120.000000","117.284466","22.187161","51468407.429804"
"Case 372","250.000000","350.000000","100.000000","2.000000","60.000000","130.000000","117.626535","12.018201","54073160.610912"
"Case 373","250.000000","350.000000","100.000000","2.000000","70.000000","110.000000","109.985506","38.830275","51374286.711763"
"Case 374","250.000000","350.000000","100.000000","2.000000","70.000000","120.000000","119.706806","19.809776","53325848.194900"
"Case 375","250.000000","350.000000","100.000000","2.000000","70.000000","130.000000","120.203589","9.477345","56278943.467607"
"Case 376","250.000000","350.000000","100.000000","2.000000","80.000000","110.000000","110.000332","38.969964","53591831.678452"
"Case 377","250.000000","350.000000","100.000000","2.000000","80.000000","120.000000","119.991328","19.449206","55636935.199969"
"Case 378","250.000000","350.000000","100.000000","2.000000","80.000000","130.000000","122.719844","6.902985","58453680.078165"
"Case 379","250.000000","350.000000","110.000000","1.300000","60.000000","110.000000","110.042660","37.299166","45306456.195599"
"Case 380","250.000000","350.000000","110.000000","1.300000","60.000000","120.000000","116.212851","22.872616","47309659.920322"
"Case 381","250.000000","350.000000","110.000000","1.300000","60.000000","130.000000","116.407055","13.029239","45984575.641209"
"Case 382","250.000000","350.000000","110.000000","1.300000","70.000000","110.000000","109.980919","37.874363","46830861.632344"
"Case 383","250.000000","350.000000","110.000000","1.300000","70.000000","120.000000","118.570431","20.697792","49479157.228545"
"Case 384","250.000000","350.000000","110.000000","1.300000","70.000000","130.000000","118.879008","10.601552","47670480.113372"
"Case 385","250.000000","350.000000","110.000000","1.300000","80.000000","110.000000","110.012154","38.156393","48386741.170627"
"Case 386","250.000000","350.000000","110.000000","1.300000","80.000000","120.000000","119.939888","19.334433","51427550.966040"
"Case 387","250.000000","350.000000","110.000000","1.300000","80.000000","130.000000","121.338923","8.162078","49537750.079177"
"Case 388","250.000000","350.000000","110.000000","1.650000","60.000000","110.000000","110.006212","38.034217","46439218.614535"
"Case 389","250.000000","350.000000","110.000000","1.650000","60.000000","120.000000","116.787148","22.459993","49497974.707520"
"Case 390","250.000000","350.000000","110.000000","1.650000","60.000000","130.000000","117.144004","12.435207","51195141.752836"
"Case 391","250.000000","350.000000","110.000000","1.650000","70.000000","110.000000","109.999805","38.413728","48191624.077657"
"Case 392","250.000000","350.000000","110.000000","1.650000","70.000000","120.000000","119.201122","20.203658","51178288.542960"
"Case 393","250.000000","350.000000","110.000000","1.650000","70.000000","130.000000","119.640419","9.907125","53047940.593187"
"Case 394","250.000000","350.000000","110.000000","1.650000","80.000000","110.000000","109.994865","38.715480","49945477.186478"
"Case 395","250.000000","350.000000","110.000000","1.650000","80.000000","120.000000","119.935284","19.450796","52973325.644454"
"Case 396","250.000000","350.000000","110.000000","1.650000","80.000000","130.000000","122.143059","7.446482","55200459.083278"
"Case 397","250.000000","350.000000","110.000000","2.000000","60.000000","110.000000","110.010801","38.481873","47639178.856635"
"Case 398","250.000000","350.000000","110.000000","2.000000","60.000000","120.000000","117.183491","22.270912","50669408.575080"
"Case 399","250.000000","350.000000","110.000000","2.000000","60.000000","130.000000","117.569635","12.068529","53257732.781857"
"Case 400","250.000000","350.000000","110.000000","2.000000","70.000000","110.000000","109.999813","38.817987","49598051.181352"
"Case 401","250.000000","350.000000","110.000000","2.000000","70.000000","120.000000","119.554092","19.929044","52525436.861334"
"Case 402","250.000000","350.000000","110.000000","2.000000","70.000000","130.000000","120.138235","9.547352","55438316.228408"
"Case 403","250.000000","350.000000","110.000000","2.000000","80.000000","110.000000","110.008268","38.994240","51566506.758386"
"Case 404","250.000000","350.000000","110.000000","2.000000","80.000000","120.000000","119.951353","19.532296","54596703.481085"
"Case 405","250.000000","350.000000","110.000000","2.000000","80.000000","130.000000","122.634838","6.987278","57592589.974230"
"Case 406","250.000000","360.000000","90.000000","1.300000","60.000000","110.000000","110.003724","36.064590","46488353.115748"
"Case 407","250.000000","360.000000","90.000000","1.300000","60.000000","120.000000","119.976381","18.199120","48676462.140625"
"Case 408","250.000000","360.000000","90.000000","1.300000","60.000000","130.000000","123.035218","6.365487","45507161.998418"
"Case 409","250.000000","360.000000","90.000000","1.300000","70.000000","110.000000","109.991137","36.833577","48174341.145489"
"Case 410","250.000000","360.000000","90.000000","1.300000","70.000000","120.000000","119.959016","18.219306","50568263.951598"
"Case 411","250.000000","360.000000","90.000000","1.300000","70.000000","130.000000","125.733662","3.734122","47012238.469183"
"Case 412","250.000000","360.000000","90.000000","1.300000","80.000000","110.000000","110.022333","37.310417","49895513.312202"
"Case 413","250.000000","360.000000","90.000000","1.300000","80.000000","120.000000","119.990625","18.327376","52422674.899367"
"Case 414","250.000000","360.000000","90.000000","1.300000","80.000000","130.000000","128.254210","1.252327","48516506.008195"
"Case 415","250.000000","360.000000","90.000000","1.650000","60.000000","110.000000","110.003096","37.075881","47583989.219204"
"Case 416","250.000000","360.000000","90.000000","1.650000","60.000000","120.000000","120.008346","18.487767","49903206.145864"
"Case 417","250.000000","360.000000","90.000000","1.650000","60.000000","130.000000","123.891629","5.620285","50935394.117015"
"Case 418","250.000000","360.000000","90.000000","1.650000","70.000000","110.000000","110.022756","37.519375","49489758.472656"
"Case 419","250.000000","360.000000","90.000000","1.650000","70.000000","120.000000","119.978427","18.603461","52004338.572610"
"Case 420","250.000000","360.000000","90.000000","1.650000","70.000000","130.000000","126.632913","2.893554","52714642.231046"
"Case 421","250.000000","360.000000","90.000000","1.650000","80.000000","110.000000","110.041932","38.050250","51392545.469183"
"Case 422","250.000000","360.000000","90.000000","1.650000","80.000000","120.000000","119.989953","18.746532","54062036.951360"
"Case 423","250.000000","360.000000","90.000000","1.650000","80.000000","130.000000","129.097841","0.495665","53781431.373807"
"Case 424","250.000000","360.000000","90.000000","2.000000","60.000000","110.000000","110.007215","37.766618","48704814.108494"
"Case 425","250.000000","360.000000","90.000000","2.000000","60.000000","120.000000","119.996471","18.807622","51160797.440734"
"Case 426","250.000000","360.000000","90.000000","2.000000","60.000000","130.000000","124.401363","5.185657","53817400.354944"
"Case 427","250.000000","360.000000","90.000000","2.000000","70.000000","110.000000","109.952961","38.294650","50779819.232183"
"Case 428","250.000000","360.000000","90.000000","2.000000","70.000000","120.000000","119.979311","18.915645","53471035.029268"
"Case 429","250.000000","360.000000","90.000000","2.000000","70.000000","130.000000","127.173567","2.374668","55834283.526901"
"Case 430","250.000000","360.000000","90.000000","2.000000","80.000000","110.000000","109.986166","38.645465","52886720.528039"
"Case 431","250.000000","360.000000","90.000000","2.000000","80.000000","120.000000","120.004064","19.012019","55729993.700887"
"Case 432","250.000000","360.000000","90.000000","2.000000","80.000000","130.000000","129.410703","0.198485","57089729.671932"
"Case 433","250.000000","360.000000","100.000000","1.300000","60.000000","110.000000","110.004622","36.085544","45698263.790008"
"Case 434","250.000000","360.000000","100.000000","1.300000","60.000000","120.000000","119.986534","18.189175","47909685.485394"
"Case 435","250.000000","360.000000","100.000000","1.300000","60.000000","130.000000","122.942119","6.406500","45091960.229185"
"Case 436","250.000000","360.000000","100.000000","1.300000","70.000000","110.000000","110.009997","36.791745","47159765.092647"
"Case 437","250.000000","360.000000","100.000000","1.300000","70.000000","120.000000","119.991112","18.158101","49774533.359726"
"Case 438","250.000000","360.000000","100.000000","1.300000","70.000000","130.000000","125.663772","3.773832","46860079.365747"
"Case 439","250.000000","360.000000","100.000000","1.300000","80.000000","110.000000","110.017720","37.404981","48619684.036808"
"Case 440","250.000000","360.000000","100.000000","1.300000","80.000000","120.000000","119.987351","18.336225","51593166.219558"
"Case 441","250.000000","360.000000","100.000000","1.300000","80.000000","130.000000","128.173922","1.312914","48477216.581766"
"Case 442","250.000000","360.000000","100.000000","1.650000","60.000000","110.000000","109.998773","37.091002","46753667.788193"
"Case 443","250.000000","360.000000","100.000000","1.650000","60.000000","120.000000","119.992366","18.509828","49132740.958156"
"Case 444","250.000000","360.000000","100.000000","1.650000","60.000000","130.000000","123.831340","5.663482","50640933.822032"
"Case 445","250.000000","360.000000","100.000000","1.650000","70.000000","110.000000","109.994981","37.672951","48399008.575600"
"Case 446","250.000000","360.000000","100.000000","1.650000","70.000000","120.000000","119.976791","18.605399","51204448.545472"
"Case 447","250.000000","360.000000","100.000000","1.650000","70.000000","130.000000","126.578684","2.989594","52502717.569671"
"Case 448","250.000000","360.000000","100.000000","1.650000","80.000000","110.000000","110.007254","38.110811","50073635.462851"
"Case 449","250.000000","360.000000","100.000000","1.650000","80.000000","120.000000","119.989328","18.748179","53231912.198392"
"Case 450","250.000000","360.000000","100.000000","1.650000","80.000000","130.000000","129.035283","0.543449","53807299.228730"
"Case 451","250.000000","360.000000","100.000000","2.000000","60.000000","110.000000","110.005131","37.756841","47842895.619623"
"Case 452","250.000000","360.000000","100.000000","2.000000","60.000000","120.000000","119.996530","18.801125","50390441.373150"
"Case 453","250.000000","360.000000","100.000000","2.000000","60.000000","130.000000","124.327762","5.235748","53063409.388047"
"Case 454","250.000000","360.000000","100.000000","2.000000","70.000000","110.000000","109.995860","38.246482","49686796.272325"
"Case 455","250.000000","360.000000","100.000000","2.000000","70.000000","120.000000","119.980767","18.910981","52670219.401943"
"Case 456","250.000000","360.000000","100.000000","2.000000","70.000000","130.000000","127.056637","2.481023","55066352.708396"
"Case 457","250.000000","360.000000","100.000000","2.000000","80.000000","110.000000","109.997469","38.618826","51554091.931861"
"Case 458","250.000000","360.000000","100.000000","2.000000","80.000000","120.000000","119.987166","19.044929","54900350.367737"
"Case 459","250.000000","360.000000","100.000000","2.000000","80.000000","130.000000","129.488190","0.268962","56990239.037186"
"Case 460","250.000000","360.000000","110.000000","1.300000","60.000000","110.000000","110.002334","36.074787","43391460.819876"
"Case 461","250.000000","360.000000","110.000000","1.300000","60.000000","120.000000","119.981392","18.189448","46523452.660792"
"Case 462","250.000000","360.000000","110.000000","1.300000","60.000000","130.000000","122.839901","6.464556","44941636.830018"
"Case 463","250.000000","360.000000","110.000000","1.300000","70.000000","110.000000","110.028412","36.754639","44762277.860265"
"Case 464","250.000000","360.000000","110.000000","1.300000","70.000000","120.000000","119.943436","18.267715","48068076.478615"
"Case 465","250.000000","360.000000","110.000000","1.300000","70.000000","130.000000","125.558860","3.858552","46723508.121473"
"Case 466","250.000000","360.000000","110.000000","1.300000","80.000000","110.000000","110.026240","37.382909","46140209.978551"
"Case 467","250.000000","360.000000","110.000000","1.300000","80.000000","120.000000","119.988982","18.342554","49607242.165838"
"Case 468","250.000000","360.000000","110.000000","1.300000","80.000000","130.000000","128.062011","1.404689","48529483.031003"
"Case 469","250.000000","360.000000","110.000000","1.650000","60.000000","110.000000","110.006209","37.080673","44430048.944394"
"Case 470","250.000000","360.000000","110.000000","1.650000","60.000000","120.000000","119.986001","18.526510","47644942.233350"
"Case 471","250.000000","360.000000","110.000000","1.650000","60.000000","130.000000","123.686856","5.727392","50112657.385001"
"Case 472","250.000000","360.000000","110.000000","1.650000","70.000000","110.000000","110.000636","37.676758","45992738.091167"
"Case 473","250.000000","360.000000","110.000000","1.650000","70.000000","120.000000","119.985817","18.581509","49430938.400938"
"Case 474","250.000000","360.000000","110.000000","1.650000","70.000000","130.000000","126.450131","3.080730","52249370.359546"
"Case 475","250.000000","360.000000","110.000000","1.650000","80.000000","110.000000","110.008912","38.106943","47590220.755035"
"Case 476","250.000000","360.000000","110.000000","1.650000","80.000000","120.000000","119.971311","18.830363","51160414.860751"
"Case 477","250.000000","360.000000","110.000000","1.650000","80.000000","130.000000","128.918119","0.636697","53856006.227736"
"Case 478","250.000000","360.000000","110.000000","2.000000","60.000000","110.000000","110.007718","37.759253","45517048.364218"
"Case 479","250.000000","360.000000","110.000000","2.000000","60.000000","120.000000","119.987867","18.815709","48847563.071015"
"Case 480","250.000000","360.000000","110.000000","2.000000","60.000000","130.000000","124.175500","5.306471","51953230.283740"
"Case 481","250.000000","360.000000","110.000000","2.000000","70.000000","110.000000","109.987510","38.232813","47280949.037499"
"Case 482","250.000000","360.000000","110.000000","2.000000","70.000000","120.000000","119.985641","18.897244","50848429.862798"
"Case 483","250.000000","360.000000","110.000000","2.000000","70.000000","130.000000","126.936601","2.597272","53959056.292699"
"Case 484","250.000000","360.000000","110.000000","2.000000","80.000000","110.000000","110.008701","38.570658","49081943.133044"
"Case 485","250.000000","360.000000","110.000000","2.000000","80.000000","120.000000","119.973947","19.106302","52790933.835258"
"Case 486","250.000000","360.000000","110.000000","2.000000","80.000000","130.000000","129.249191","0.252801","55959635.119319"
"Case 487","260.000000","340.000000","90.000000","1.300000","60.000000","110.000000","110.007253","38.609656","47879403.372983"
"Case 488","260.000000","340.000000","90.000000","1.300000","60.000000","120.000000","111.934515","27.475978","48169197.018754"
"Case 489","260.000000","340.000000","90.000000","1.300000","60.000000","130.000000","111.986926","17.607865","47487839.665007"
"Case 490","260.000000","340.000000","90.000000","1.300000","70.000000","110.000000","109.972305","38.586913","49853044.647018"
"Case 491","260.000000","340.000000","90.000000","1.300000","70.000000","120.000000","114.196884","25.298562","49823478.157596"
"Case 492","260.000000","340.000000","90.000000","1.300000","70.000000","130.000000","114.295096","15.375359","48963428.869345"
"Case 493","260.000000","340.000000","90.000000","1.300000","80.000000","110.000000","109.986766","38.686669","51800747.089957"
"Case 494","260.000000","340.000000","90.000000","1.300000","80.000000","120.000000","116.405085","23.174826","51684842.125152"
"Case 495","260.000000","340.000000","90.000000","1.300000","80.000000","130.000000","116.565216","13.110646","50639582.057607"
"Case 496","260.000000","340.000000","90.000000","1.650000","60.000000","110.000000","110.031703","38.816666","49121344.518164"
"Case 497","260.000000","340.000000","90.000000","1.650000","60.000000","120.000000","112.490904","27.005429","51894687.001631"
"Case 498","260.000000","340.000000","90.000000","1.650000","60.000000","130.000000","112.614096","17.025425","52545880.519999"
"Case 499","260.000000","340.000000","90.000000","1.650000","70.000000","110.000000","110.028070","38.845187","51321038.211265"
"Case 500","260.000000","340.000000","90.000000","1.650000","70.000000","120.000000","114.798905","24.736139","53875326.582567"
"Case 501","260.000000","340.000000","90.000000","1.650000","70.000000","130.000000","114.979291","14.722880","54390509.287564"
"Case 502","260.000000","340.000000","90.000000","1.650000","80.000000","110.000000","110.013705","38.976497","53479001.639811"
"Case 503","260.000000","340.000000","90.000000","1.650000","80.000000","120.000000","116.999567","22.560705","55783177.143834"
"Case 504","260.000000","340.000000","90.000000","1.650000","80.000000","130.000000","117.302289","12.405221","56379130.310823"
"Case 505","260.000000","340.000000","90.000000","2.000000","60.000000","110.000000","110.042017","39.083892","50391543.119360"
"Case 506","260.000000","340.000000","90.000000","2.000000","60.000000","120.000000","112.835339","26.715133","53105582.647275"
"Case 507","260.000000","340.000000","90.000000","2.000000","60.000000","130.000000","113.002153","16.677266","55414649.116726"
"Case 508","260.000000","340.000000","90.000000","2.000000","70.000000","110.000000","110.026347","39.079771","52808853.789839"
"Case 509","260.000000","340.000000","90.000000","2.000000","70.000000","120.000000","115.173134","24.400041","55284777.551502"
"Case 510","260.000000","340.000000","90.000000","2.000000","70.000000","130.000000","115.404008","14.266347","57717644.322078"
"Case 511","260.000000","340.000000","90.000000","2.000000","80.000000","110.000000","110.017000","39.197250","55177770.052800"
"Case 512","260.000000","340.000000","90.000000","2.000000","80.000000","120.000000","117.439337","22.208529","57386285.853554"
"Case 513","260.000000","340.000000","90.000000","2.000000","80.000000","130.000000","117.756439","11.969679","59999349.532097"
"Case 514","260.000000","340.000000","100.000000","1.300000","60.000000","110.000000","110.005054","38.609510","47110305.171405"
"Case 515","260.000000","340.000000","100.000000","1.300000","60.000000","120.000000","111.872362","27.514964","47930180.719801"
"Case 516","260.000000","340.000000","100.000000","1.300000","60.000000","130.000000","111.951824","17.629043","47136638.155860"
"Case 517","260.000000","340.000000","100.000000","1.300000","70.000000","110.000000","109.993176","38.542100","49056619.721336"
"Case 518","260.000000","340.000000","100.000000","1.300000","70.000000","120.000000","114.115807","25.359932","49630016.898934"
"Case 519","260.000000","340.000000","100.000000","1.300000","70.000000","130.000000","114.255389","15.410601","48664373.987104"
"Case 520","260.000000","340.000000","100.000000","1.300000","80.000000","110.000000","109.996284","38.666634","50973306.756724"
"Case 521","260.000000","340.000000","100.000000","1.300000","80.000000","120.000000","116.241540","23.108690","51378528.616272"
"Case 522","260.000000","340.000000","100.000000","1.300000","80.000000","130.000000","116.517273","13.166030","50351118.752595"
"Case 523","260.000000","340.000000","100.000000","1.650000","60.000000","110.000000","110.032904","38.843770","48349616.250620"
"Case 524","260.000000","340.000000","100.000000","1.650000","60.000000","120.000000","112.423345","27.057495","51135026.097536"
"Case 525","260.000000","340.000000","100.000000","1.650000","60.000000","130.000000","112.578795","17.058548","52122417.927955"
"Case 526","260.000000","340.000000","100.000000","1.650000","70.000000","110.000000","109.975930","38.944030","50515644.749820"
"Case 527","260.000000","340.000000","100.000000","1.650000","70.000000","120.000000","114.714376","24.807319","53094409.190093"
"Case 528","260.000000","340.000000","100.000000","1.650000","70.000000","130.000000","114.937005","14.764667","54008820.892935"
"Case 529","260.000000","340.000000","100.000000","1.650000","80.000000","110.000000","110.052355","38.876531","52655879.703592"
"Case 530","260.000000","340.000000","100.000000","1.650000","80.000000","120.000000","116.912480","22.636439","54986716.716040"
"Case 531","260.000000","340.000000","100.000000","1.650000","80.000000","130.000000","117.254554","12.461088","56050869.559062"
"Case 532","260.000000","340.000000","100.000000","2.000000","60.000000","110.000000","110.022103","39.130815","49618222.873213"
"Case 533","260.000000","340.000000","100.000000","2.000000","60.000000","120.000000","112.765926","26.775386","52346504.843101"
"Case 534","260.000000","340.000000","100.000000","2.000000","60.000000","130.000000","112.960994","16.709706","54651416.194311"
"Case 535","260.000000","340.000000","100.000000","2.000000","70.000000","110.000000","110.030958","39.066868","52008162.233273"
"Case 536","260.000000","340.000000","100.000000","2.000000","70.000000","120.000000","115.080445","24.485091","54504196.464215"
"Case 537","260.000000","340.000000","100.000000","2.000000","70.000000","130.000000","115.358559","14.375065","56924916.404538"
"Case 538","260.000000","340.000000","100.000000","2.000000","80.000000","110.000000","110.021082","39.188712","54348119.121597"
"Case 539","260.000000","340.000000","100.000000","2.000000","80.000000","120.000000","117.324569","22.252553","56591044.191963"
"Case 540","260.000000","340.000000","100.000000","2.000000","80.000000","130.000000","117.708649","12.031825","59188269.444114"
"Case 541","260.000000","340.000000","110.000000","1.300000","60.000000","110.000000","109.980980","38.562783","46279428.928275"
"Case 542","260.000000","340.000000","110.000000","1.300000","60.000000","120.000000","111.786840","27.566463","47683195.828474"
"Case 543","260.000000","340.000000","110.000000","1.300000","60.000000","130.000000","111.909134","17.675202","46795969.127606"
"Case 544","260.000000","340.000000","110.000000","1.300000","70.000000","110.000000","110.026574","38.467792","48126534.605744"
"Case 545","260.000000","340.000000","110.000000","1.300000","70.000000","120.000000","114.009136","25.427747","49441774.936786"
"Case 546","260.000000","340.000000","110.000000","1.300000","70.000000","130.000000","114.206801","15.447832","48387320.799992"
"Case 547","260.000000","340.000000","110.000000","1.300000","80.000000","110.000000","110.011538","38.639515","49800892.728297"
"Case 548","260.000000","340.000000","110.000000","1.300000","80.000000","120.000000","116.141469","23.146937","51346781.310242"
"Case 549","260.000000","340.000000","110.000000","1.300000","80.000000","130.000000","116.464199","13.226032","50149352.951477"
"Case 550","260.000000","340.000000","110.000000","1.650000","60.000000","110.000000","109.970106","38.885319","47522727.578432"
"Case 551","260.000000","340.000000","110.000000","1.650000","60.000000","120.000000","112.339708","27.117561","50323643.938064"
"Case 552","260.000000","340.000000","110.000000","1.650000","60.000000","130.000000","112.527477","17.066490","51704079.864687"
"Case 553","260.000000","340.000000","110.000000","1.650000","70.000000","110.000000","109.991221","38.914033","49495820.622774"
"Case 554","260.000000","340.000000","110.000000","1.650000","70.000000","120.000000","114.619620","24.944647","52260699.961532"
"Case 555","260.000000","340.000000","110.000000","1.650000","70.000000","130.000000","114.888466","14.817713","53656339.647399"
"Case 556","260.000000","340.000000","110.000000","1.650000","80.000000","110.000000","110.006360","39.016949","51397718.711482"
"Case 557","260.000000","340.000000","110.000000","1.650000","80.000000","120.000000","116.792658","22.747440","54134788.665352"
"Case 558","260.000000","340.000000","110.000000","1.650000","80.000000","130.000000","117.198610","12.533255","55751292.603353"
"Case 559","260.000000","340.000000","110.000000","2.000000","60.000000","110.000000","109.955320","39.145308","48772265.342986"
"Case 560","260.000000","340.000000","110.000000","2.000000","60.000000","120.000000","112.680113","26.848003","51535279.654562"
"Case 561","260.000000","340.000000","110.000000","2.000000","60.000000","130.000000","112.917007","16.746737","53835278.067198"
"Case 562","260.000000","340.000000","110.000000","2.000000","70.000000","110.000000","110.041749","39.051419","50948543.114831"
"Case 563","260.000000","340.000000","110.000000","2.000000","70.000000","120.000000","114.970268","24.583407","53672151.038164"
"Case 564","260.000000","340.000000","110.000000","2.000000","70.000000","130.000000","115.303946","14.431889","56083564.168221"
"Case 565","260.000000","340.000000","110.000000","2.000000","80.000000","110.000000","110.001406","39.241624","53054145.091511"
"Case 566","260.000000","340.000000","110.000000","2.000000","80.000000","120.000000","117.155757","22.426420","55737760.564752"
"Case 567","260.000000","340.000000","110.000000","2.000000","80.000000","130.000000","117.633189","12.088206","58323600.368480"
"Case 568","260.000000","350.000000","90.000000","1.300000","60.000000","110.000000","110.004739","36.822012","47153451.792450"
"Case 569","260.000000","350.000000","90.000000","1.300000","60.000000","120.000000","118.848612","20.344695","47587937.895307"
"Case 570","260.000000","350.000000","90.000000","1.300000","60.000000","130.000000","119.019653","10.413413","46159546.472537"
"Case 571","260.000000","350.000000","90.000000","1.300000","70.000000","110.000000","109.950990","37.572798","48915823.897540"
"Case 572","260.000000","350.000000","90.000000","1.300000","70.000000","120.000000","119.989208","18.974140","50945711.099643"
"Case 573","260.000000","350.000000","90.000000","1.300000","70.000000","130.000000","121.633118","7.836134","47815725.931913"
"Case 574","260.000000","350.000000","90.000000","1.300000","80.000000","110.000000","109.957196","38.031724","50695475.691539"
"Case 575","260.000000","350.000000","90.000000","1.300000","80.000000","120.000000","119.936795","18.942216","52889332.750782"
"Case 576","260.000000","350.000000","90.000000","1.300000","80.000000","130.000000","124.172912","5.399851","49548632.591062"
"Case 577","260.000000","350.000000","90.000000","1.650000","60.000000","110.000000","110.016237","37.630910","48330342.130094"
"Case 578","260.000000","350.000000","90.000000","1.650000","60.000000","120.000000","119.479859","19.823811","50354940.497512"
"Case 579","260.000000","350.000000","90.000000","1.650000","60.000000","130.000000","119.813881","9.748200","51640409.421277"
"Case 580","260.000000","350.000000","90.000000","1.650000","70.000000","110.000000","109.960586","38.179878","50299542.505938"
"Case 581","260.000000","350.000000","90.000000","1.650000","70.000000","120.000000","120.000299","19.116687","52381172.637291"
"Case 582","260.000000","350.000000","90.000000","1.650000","70.000000","130.000000","122.446628","7.105341","53413434.398333"
"Case 583","260.000000","350.000000","90.000000","1.650000","80.000000","110.000000","110.037892","38.296476","52311095.555119"
"Case 584","260.000000","350.000000","90.000000","1.650000","80.000000","120.000000","119.910826","19.233098","54551667.552938"
"Case 585","260.000000","350.000000","90.000000","1.650000","80.000000","130.000000","125.017305","4.510278","55380218.967305"
"Case 586","260.000000","350.000000","90.000000","2.000000","60.000000","110.000000","110.000811","38.191870","49535223.127140"
"Case 587","260.000000","350.000000","90.000000","2.000000","60.000000","120.000000","119.846591","19.590134","51482690.010716"
"Case 588","260.000000","350.000000","90.000000","2.000000","60.000000","130.000000","120.257888","9.370663","54474617.481147"
"Case 589","260.000000","350.000000","90.000000","2.000000","70.000000","110.000000","109.972050","38.612929","51708148.120849"
"Case 590","260.000000","350.000000","90.000000","2.000000","70.000000","120.000000","119.989006","19.282232","53857450.882153"
"Case 591","260.000000","350.000000","90.000000","2.000000","70.000000","130.000000","122.937011","6.655445","56648254.472742"
"Case 592","260.000000","350.000000","90.000000","2.000000","80.000000","110.000000","109.974973","38.950818","53884128.157326"
"Case 593","260.000000","350.000000","90.000000","2.000000","80.000000","120.000000","120.009213","19.235289","56258646.269958"
"Case 594","260.000000","350.000000","90.000000","2.000000","80.000000","130.000000","125.541370","4.005673","58769881.568320"
"Case 595","260.000000","350.000000","100.000000","1.300000","60.000000","110.000000","110.006757","36.808505","46373944.253378"
"Case 596","260.000000","350.000000","100.000000","1.300000","60.000000","120.000000","118.762921","20.365270","47465893.462245"
"Case 597","260.000000","350.000000","100.000000","1.300000","60.000000","130.000000","118.966527","10.440337","45881352.947897"
"Case 598","260.000000","350.000000","100.000000","1.300000","70.000000","110.000000","109.955117","37.565491","48104448.497560"
"Case 599","260.000000","350.000000","100.000000","1.300000","70.000000","120.000000","119.918308","19.082605","50151518.842727"
"Case 600","260.000000","350.000000","100.000000","1.300000","70.000000","130.000000","121.576216","7.876785","47595542.927305"
"Case 601","260.000000","350.000000","100.000000","1.300000","80.000000","110.000000","109.956131","38.031080","49854408.800270"
"Case 602","260.000000","350.000000","100.000000","1.300000","80.000000","120.000000","119.928932","18.955075","52069166.041747"
"Case 603","260.000000","350.000000","100.000000","1.300000","80.000000","130.000000","124.100486","5.454949","49385796.592971"
"Case 604","260.000000","350.000000","100.000000","1.650000","60.000000","110.000000","110.015719","37.631280","47547657.738862"
"Case 605","260.000000","350.000000","100.000000","1.650000","60.000000","120.000000","119.369508","19.894176","49621539.327200"
"Case 606","260.000000","350.000000","100.000000","1.650000","60.000000","130.000000","119.753765","9.833990","51291767.698940"
"Case 607","260.000000","350.000000","100.000000","1.650000","70.000000","110.000000","109.978039","38.131907","49493127.261465"
"Case 608","260.000000","350.000000","100.000000","1.650000","70.000000","120.000000","120.035775","19.048742","51592306.870256"
"Case 609","260.000000","350.000000","100.000000","1.650000","70.000000","130.000000","122.384169","7.159306","53110600.762359"
"Case 610","260.000000","350.000000","100.000000","1.650000","80.000000","110.000000","110.082578","38.353130","51469297.118001"
"Case 611","260.000000","350.000000","100.000000","1.650000","80.000000","120.000000","119.938288","19.187908","53731680.514209"
"Case 612","260.000000","350.000000","100.000000","1.650000","80.000000","130.000000","124.942214","4.582302","55143754.726975"
"Case 613","260.000000","350.000000","100.000000","2.000000","60.000000","110.000000","109.998580","38.192053","48751432.088643"
"Case 614","260.000000","350.000000","100.000000","2.000000","60.000000","120.000000","119.741031","19.671523","50752718.375866"
"Case 615","260.000000","350.000000","100.000000","2.000000","60.000000","130.000000","120.215365","9.397067","53718283.350700"
"Case 616","260.000000","350.000000","100.000000","2.000000","70.000000","110.000000","109.974882","38.606453","50895637.808896"
"Case 617","260.000000","350.000000","100.000000","2.000000","70.000000","120.000000","119.994324","19.275215","53064651.731738"
"Case 618","260.000000","350.000000","100.000000","2.000000","70.000000","130.000000","122.872188","6.714215","55867492.191472"
"Case 619","260.000000","350.000000","100.000000","2.000000","80.000000","110.000000","109.943761","38.967806","53036171.567391"
"Case 620","260.000000","350.000000","100.000000","2.000000","80.000000","120.000000","120.010091","19.234458","55435924.765205"
"Case 621","260.000000","350.000000","100.000000","2.000000","80.000000","130.000000","125.459474","4.088882","57967428.452576"
"Case 622","260.000000","350.000000","110.000000","1.300000","60.000000","110.000000","110.011095","36.821835","44606883.243211"
"Case 623","260.000000","350.000000","110.000000","1.300000","60.000000","120.000000","118.646601","20.450627","47491334.168338"
"Case 624","260.000000","350.000000","110.000000","1.300000","60.000000","130.000000","118.904896","10.475286","45633603.441050"
"Case 625","260.000000","350.000000","110.000000","1.300000","70.000000","110.000000","110.010155","37.435173","46067821.306748"
"Case 626","260.000000","350.000000","110.000000","1.300000","70.000000","120.000000","119.947392","19.034917","49132613.244978"
"Case 627","260.000000","350.000000","110.000000","1.300000","70.000000","130.000000","121.485635","7.928765","47456478.788198"
"Case 628","260.000000","350.000000","110.000000","1.300000","80.000000","110.000000","110.014205","37.874896","47550267.823349"
"Case 629","260.000000","350.000000","110.000000","1.300000","80.000000","120.000000","119.919380","18.975740","50755026.790625"
"Case 630","260.000000","350.000000","110.000000","1.300000","80.000000","130.000000","124.011192","5.510566","49274376.273547"
"Case 631","260.000000","350.000000","110.000000","1.650000","60.000000","110.000000","110.013032","37.617669","45722003.864590"
"Case 632","260.000000","350.000000","110.000000","1.650000","60.000000","120.000000","119.216870","19.988494","48726841.073904"
"Case 633","260.000000","350.000000","110.000000","1.650000","60.000000","130.000000","119.652731","9.815417","50751707.055269"
"Case 634","260.000000","350.000000","110.000000","1.650000","70.000000","110.000000","109.998442","38.154239","47387141.840908"
"Case 635","260.000000","350.000000","110.000000","1.650000","70.000000","120.000000","119.939969","19.210559","50446347.237397"
"Case 636","260.000000","350.000000","110.000000","1.650000","70.000000","130.000000","122.312716","7.232371","52848307.965195"
"Case 637","260.000000","350.000000","110.000000","1.650000","80.000000","110.000000","109.999716","38.516914","49072413.625808"
"Case 638","260.000000","350.000000","110.000000","1.650000","80.000000","120.000000","119.972794","19.115485","52330586.948541"
"Case 639","260.000000","350.000000","110.000000","1.650000","80.000000","130.000000","124.845899","4.669141","54924235.272125"
"Case 640","260.000000","350.000000","110.000000","2.000000","60.000000","110.000000","110.015549","38.165954","46887479.069300"
"Case 641","260.000000","350.000000","110.000000","2.000000","60.000000","120.000000","119.562499","19.790244","49833461.756051"
"Case 642","260.000000","350.000000","110.000000","2.000000","60.000000","130.000000","120.099362","9.422026","52820041.675695"
"Case 643","260.000000","350.000000","110.000000","2.000000","70.000000","110.000000","110.005254","38.565370","48764184.480591"
"Case 644","260.000000","350.000000","110.000000","2.000000","70.000000","120.000000","119.991908","19.274266","51865722.195494"
"Case 645","260.000000","350.000000","110.000000","2.000000","70.000000","130.000000","122.792639","6.801734","54979299.918240"
"Case 646","260.000000","350.000000","110.000000","2.000000","80.000000","110.000000","109.998178","38.849988","50654275.509389"
"Case 647","260.000000","350.000000","110.000000","2.000000","80.000000","120.000000","119.940336","19.383978","53962054.510109"
"Case 648","260.000000","350.000000","110.000000","2.000000","80.000000","130.000000","125.355116","4.184500","57094312.310489"
"Case 649","260.000000","360.000000","90.000000","1.300000","60.000000","110.000000","109.986529","35.571960","46109634.298035"
"Case 650","260.000000","360.000000","90.000000","1.300000","60.000000","120.000000","119.943262","17.762254","48483903.264427"
"Case 651","260.000000","360.000000","90.000000","1.300000","60.000000","130.000000","124.947252","4.337651","44804563.060933"
"Case 652","260.000000","360.000000","90.000000","1.300000","70.000000","110.000000","109.990824","36.489983","47758482.423094"
"Case 653","260.000000","360.000000","90.000000","1.300000","70.000000","120.000000","119.980350","17.867716","50315381.592235"
"Case 654","260.000000","360.000000","90.000000","1.300000","70.000000","130.000000","127.673562","1.763381","46433405.916997"
"Case 655","260.000000","360.000000","90.000000","1.300000","80.000000","110.000000","109.938307","37.315226","49412835.424238"
"Case 656","260.000000","360.000000","90.000000","1.300000","80.000000","120.000000","119.927676","18.210287","52095158.999145"
"Case 657","260.000000","360.000000","90.000000","1.300000","80.000000","130.000000","129.337765","0.212364","45085828.030897"
"Case 658","260.000000","360.000000","90.000000","1.650000","60.000000","110.000000","109.988317","36.656379","47159497.408873"
"Case 659","260.000000","360.000000","90.000000","1.650000","60.000000","120.000000","119.998591","18.142473","49703295.968191"
"Case 660","260.000000","360.000000","90.000000","1.650000","60.000000","130.000000","125.846582","3.509192","50286922.406991"
"Case 661","260.000000","360.000000","90.000000","1.650000","70.000000","110.000000","109.982219","37.443577","48998367.002433"
"Case 662","260.000000","360.000000","90.000000","1.650000","70.000000","120.000000","119.989705","18.374325","51732403.515913"
"Case 663","260.000000","360.000000","90.000000","1.650000","70.000000","130.000000","128.583561","0.940741","51895841.425324"
"Case 664","260.000000","360.000000","90.000000","1.650000","80.000000","110.000000","109.994101","37.785599","50893777.381443"
"Case 665","260.000000","360.000000","90.000000","1.650000","80.000000","120.000000","119.973185","18.651981","53720448.345446"
"Case 666","260.000000","360.000000","90.000000","1.650000","80.000000","130.000000","129.518817","0.068950","47450899.953198"
"Case 667","260.000000","360.000000","90.000000","2.000000","60.000000","110.000000","110.006156","37.495333","48228205.269903"
"Case 668","260.000000","360.000000","90.000000","2.000000","60.000000","120.000000","120.004892","18.512111","50949163.084344"
"Case 669","260.000000","360.000000","90.000000","2.000000","60.000000","130.000000","126.379279","3.037934","53431509.709112"
"Case 670","260.000000","360.000000","90.000000","2.000000","70.000000","110.000000","109.984421","38.073211","50265404.280731"
"Case 671","260.000000","360.000000","90.000000","2.000000","70.000000","120.000000","119.988990","18.743751","53177404.334019"
"Case 672","260.000000","360.000000","90.000000","2.000000","70.000000","130.000000","129.071039","0.493586","55344683.628792"
"Case 673","260.000000","360.000000","90.000000","2.000000","80.000000","110.000000","109.991334","38.378091","52347479.697904"
"Case 674","260.000000","360.000000","90.000000","2.000000","80.000000","120.000000","119.973996","18.977420","55365282.451886"
"Case 675","260.000000","360.000000","90.000000","2.000000","80.000000","130.000000","129.868910","0.034958","50644454.714437"
"Case 676","260.000000","360.000000","100.000000","1.300000","60.000000","110.000000","109.994672","35.571503","45061425.669052"
"Case 677","260.000000","360.000000","100.000000","1.300000","60.000000","120.000000","120.003749","17.645637","47720392.867790"
"Case 678","260.000000","360.000000","100.000000","1.300000","60.000000","130.000000","124.909234","4.429363","44645087.304826"
"Case 679","260.000000","360.000000","100.000000","1.300000","70.000000","110.000000","110.020252","36.451139","46448264.302939"
"Case 680","260.000000","360.000000","100.000000","1.300000","70.000000","120.000000","119.980094","17.866882","49513391.375483"
"Case 681","260.000000","360.000000","100.000000","1.300000","70.000000","130.000000","127.599759","1.815642","46327513.008566"
"Case 682","260.000000","360.000000","100.000000","1.300000","80.000000","110.000000","110.007204","37.152542","47859383.614594"
"Case 683","260.000000","360.000000","100.000000","1.300000","80.000000","120.000000","119.933480","18.194922","51264335.665304"
"Case 684","260.000000","360.000000","100.000000","1.300000","80.000000","130.000000","129.235012","0.212505","45009106.144440"
"Case 685","260.000000","360.000000","100.000000","1.650000","60.000000","110.000000","109.996140","36.645055","46057229.237098"
"Case 686","260.000000","360.000000","100.000000","1.650000","60.000000","120.000000","119.947182","18.241553","48923171.742217"
"Case 687","260.000000","360.000000","100.000000","1.650000","60.000000","130.000000","125.797495","3.602737","50034759.595619"
"Case 688","260.000000","360.000000","100.000000","1.650000","70.000000","110.000000","110.010438","37.364835","47648084.052308"
"Case 689","260.000000","360.000000","100.000000","1.650000","70.000000","120.000000","119.987019","18.385198","50928372.029021"
"Case 690","260.000000","360.000000","100.000000","1.650000","70.000000","130.000000","128.502220","0.997000","51730048.064486"
"Case 691","260.000000","360.000000","100.000000","1.650000","80.000000","110.000000","110.010094","37.746835","49296047.013539"
"Case 692","260.000000","360.000000","100.000000","1.650000","80.000000","120.000000","119.975725","18.642764","52887893.181235"
"Case 693","260.000000","360.000000","100.000000","1.650000","80.000000","130.000000","129.500182","0.071650","47667999.779403"
"Case 694","260.000000","360.000000","100.000000","2.000000","60.000000","110.000000","109.995003","37.424275","47088877.912548"
"Case 695","260.000000","360.000000","100.000000","2.000000","60.000000","120.000000","119.999088","18.515548","50174172.153097"
"Case 696","260.000000","360.000000","100.000000","2.000000","60.000000","130.000000","126.314034","3.117318","52681405.028846"
"Case 697","260.000000","360.000000","100.000000","2.000000","70.000000","110.000000","109.996493","38.016846","48884780.136105"
"Case 698","260.000000","360.000000","100.000000","2.000000","70.000000","120.000000","119.966586","18.751265","52370429.313491"
"Case 699","260.000000","360.000000","100.000000","2.000000","70.000000","130.000000","128.999866","0.560197","54569701.678788"
"Case 700","260.000000","360.000000","100.000000","2.000000","80.000000","110.000000","109.998579","38.389676","50709106.486859"
"Case 701","260.000000","360.000000","100.000000","2.000000","80.000000","120.000000","119.977794","18.962488","54532281.903958"
"Case 702","260.000000","360.000000","100.000000","2.000000","80.000000","130.000000","129.989587","0.044141","54724512.670536"
"Case 703","260.000000","360.000000","110.000000","1.300000","60.000000","110.000000","110.008960","35.525483","42776936.064500"
"Case 704","260.000000","360.000000","110.000000","1.300000","60.000000","120.000000","119.953610","17.744889","46016728.280384"
"Case 705","260.000000","360.000000","110.000000","1.300000","60.000000","130.000000","124.803784","4.490668","44453173.767051"
"Case 706","260.000000","360.000000","110.000000","1.300000","70.000000","110.000000","110.027662","36.426419","44080063.314196"
"Case 707","260.000000","360.000000","110.000000","1.300000","70.000000","120.000000","119.978981","17.860714","47510388.923290"
"Case 708","260.000000","360.000000","110.000000","1.300000","70.000000","130.000000","127.498135","1.890249","46334803.208008"
"Case 709","260.000000","360.000000","110.000000","1.300000","80.000000","110.000000","110.014826","37.131421","45411847.565275"
"Case 710","260.000000","360.000000","110.000000","1.300000","80.000000","120.000000","119.960364","18.161531","48959446.163287"
"Case 711","260.000000","360.000000","110.000000","1.300000","80.000000","130.000000","129.202705","0.237083","45420149.129693"
"Case 712","260.000000","360.000000","110.000000","1.650000","60.000000","110.000000","109.985833","36.648148","43760090.538354"
"Case 713","260.000000","360.000000","110.000000","1.650000","60.000000","120.000000","119.995444","18.140439","47154242.530657"
"Case 714","260.000000","360.000000","110.000000","1.650000","60.000000","130.000000","125.656679","3.650450","49698363.402357"
"Case 715","260.000000","360.000000","110.000000","1.650000","70.000000","110.000000","110.011847","37.353509","45277850.955733"
"Case 716","260.000000","360.000000","110.000000","1.650000","70.000000","120.000000","119.988054","18.387590","48853144.580129"
"Case 717","260.000000","360.000000","110.000000","1.650000","70.000000","130.000000","128.366488","1.108498","51651149.976104"
"Case 718","260.000000","360.000000","110.000000","1.650000","80.000000","110.000000","110.015235","37.730083","46848296.101247"
"Case 719","260.000000","360.000000","110.000000","1.650000","80.000000","120.000000","119.992018","18.598655","50528321.069602"
"Case 720","260.000000","360.000000","110.000000","1.650000","80.000000","130.000000","129.506142","0.077508","48214783.256392"
"Case 721","260.000000","360.000000","110.000000","2.000000","60.000000","110.000000","109.990603","37.409984","44798305.121459"
"Case 722","260.000000","360.000000","110.000000","2.000000","60.000000","120.000000","119.954121","18.628507","48334723.964160"
"Case 723","260.000000","360.000000","110.000000","2.000000","60.000000","130.000000","126.171425","3.220043","51471842.024728"
"Case 724","260.000000","360.000000","110.000000","2.000000","70.000000","110.000000","109.985721","38.015611","46508180.889410"
"Case 725","260.000000","360.000000","110.000000","2.000000","70.000000","120.000000","119.989360","18.742505","50253104.176687"
"Case 726","260.000000","360.000000","110.000000","2.000000","70.000000","130.000000","128.876312","0.646187","53360716.460235"
"Case 727","260.000000","360.000000","110.000000","2.000000","80.000000","110.000000","110.008674","38.309309","48276209.878353"
"Case 728","260.000000","360.000000","110.000000","2.000000","80.000000","120.000000","119.999426","18.889529","52136934.402760"
"Case 729","260.000000","360.000000","110.000000","2.000000","80.000000","130.000000","128.822734","0.029949","47802603.746568"
