State,"5 - Temperature","6 - Temperature","8 - Temperature","T-101 - Spec Value (Reflux Ratio)","T-100 - Spec Value (Reflux Ratio)","VLV-100 - Pressure Drop","10 Out - Master Comp Molar Flow (diM-Ether)","15 - Master Comp Molar Flow (Methanol)","SPRDSHT-1 - A10: Q_sum"
,"C","C","C","","","kPa","kgmole/h","kgmole/h",""
"Case 1","240.000000","340.000000","90.000000","1.300000","1.000000","0.000000","108.133142","41.097413","51889759.917397"
"Case 2","240.000000","340.000000","90.000000","1.300000","1.000000","400.000000","108.133142","41.101653","51889340.943935"
"Case 3","240.000000","340.000000","90.000000","1.300000","1.000000","800.000000","108.133142","41.101543","51889345.253240"
"Case 4","240.000000","340.000000","90.000000","1.300000","1.500000","0.000000","108.133142","41.101546","51889352.664279"
"Case 5","240.000000","340.000000","90.000000","1.300000","1.500000","400.000000","108.133142","41.101548","51889359.769763"
"Case 6","240.000000","340.000000","90.000000","1.300000","1.500000","800.000000","108.133142","41.101549","51889366.718970"
"Case 7","240.000000","340.000000","90.000000","1.300000","2.000000","0.000000","108.133142","41.101551","51889373.513406"
"Case 8","240.000000","340.000000","90.000000","1.300000","2.000000","400.000000","108.133142","41.101553","51889380.156532"
"Case 9","240.000000","340.000000","90.000000","1.300000","2.000000","800.000000","108.133142","41.101554","51889386.651716"
"Case 10","240.000000","340.000000","90.000000","1.650000","1.000000","0.000000","108.632373","40.144565","56567773.376136"
"Case 11","240.000000","340.000000","90.000000","1.650000","1.000000","400.000000","108.632373","40.144600","56568630.454955"
"Case 12","240.000000","340.000000","90.000000","1.650000","1.000000","800.000000","108.632373","40.144746","56568565.534196"
"Case 13","240.000000","340.000000","90.000000","1.650000","1.500000","0.000000","108.632373","40.144729","56568516.901241"
"Case 14","240.000000","340.000000","90.000000","1.650000","1.500000","400.000000","108.632373","40.143756","56568575.483057"
"Case 15","240.000000","340.000000","90.000000","1.650000","1.500000","800.000000","108.632373","40.143749","56568589.303902"
"Case 16","240.000000","340.000000","90.000000","1.650000","2.000000","0.000000","108.632373","40.143752","56568599.312182"
"Case 17","240.000000","340.000000","90.000000","1.650000","2.000000","400.000000","108.632373","40.143755","56568609.025495"
"Case 18","240.000000","340.000000","90.000000","1.650000","2.000000","800.000000","108.632373","40.143758","56568618.484144"
"Case 19","240.000000","340.000000","90.000000","2.000000","1.000000","0.000000","108.964037","39.524381","58190623.416068"
"Case 20","240.000000","340.000000","90.000000","2.000000","1.000000","400.000000","108.964037","39.524285","58191497.244605"
"Case 21","240.000000","340.000000","90.000000","2.000000","1.000000","800.000000","108.964037","39.524469","58191423.581867"
"Case 22","240.000000","340.000000","90.000000","2.000000","1.500000","0.000000","108.964037","39.524446","58191366.065796"
"Case 23","240.000000","340.000000","90.000000","2.000000","1.500000","400.000000","108.964037","39.523394","58191364.379637"
"Case 24","240.000000","340.000000","90.000000","2.000000","1.500000","800.000000","108.964037","39.523374","58191382.439465"
"Case 25","240.000000","340.000000","90.000000","2.000000","2.000000","0.000000","108.964037","39.523381","58191401.654622"
"Case 26","240.000000","340.000000","90.000000","2.000000","2.000000","400.000000","108.964037","39.523386","58191420.215079"
"Case 27","240.000000","340.000000","90.000000","2.000000","2.000000","800.000000","108.964037","39.523392","58191438.208722"
"Case 28","240.000000","340.000000","100.000000","1.300000","1.000000","0.000000","108.153125","41.106944","51790524.952153"
"Case 29","240.000000","340.000000","100.000000","1.300000","1.000000","400.000000","108.153125","41.105818","51789526.171617"
"Case 30","240.000000","340.000000","100.000000","1.300000","1.000000","800.000000","108.153125","41.105788","51789582.430185"
"Case 31","240.000000","340.000000","100.000000","1.300000","1.500000","0.000000","108.153125","41.105799","51789618.793103"
"Case 32","240.000000","340.000000","100.000000","1.300000","1.500000","400.000000","108.153125","41.106650","51789504.577296"
"Case 33","240.000000","340.000000","100.000000","1.300000","1.500000","800.000000","108.153125","41.106622","51789503.102780"
"Case 34","240.000000","340.000000","100.000000","1.300000","2.000000","0.000000","108.153125","41.106622","51789503.225100"
"Case 35","240.000000","340.000000","100.000000","1.300000","2.000000","400.000000","108.153125","41.106622","51789503.311981"
"Case 36","240.000000","340.000000","100.000000","1.300000","2.000000","800.000000","108.153125","41.106622","51789503.397336"
"Case 37","240.000000","340.000000","100.000000","1.650000","1.000000","0.000000","108.632564","40.146008","56363414.801760"
"Case 38","240.000000","340.000000","100.000000","1.650000","1.000000","400.000000","108.632564","40.144756","56364200.125531"
"Case 39","240.000000","340.000000","100.000000","1.650000","1.000000","800.000000","108.632564","40.144842","56364147.267815"
"Case 40","240.000000","340.000000","100.000000","1.650000","1.500000","0.000000","108.632564","40.144828","56364106.920586"
"Case 41","240.000000","340.000000","100.000000","1.650000","1.500000","400.000000","108.632564","40.144817","56364067.856638"
"Case 42","240.000000","340.000000","100.000000","1.650000","1.500000","800.000000","108.632564","40.144068","56364207.112456"
"Case 43","240.000000","340.000000","100.000000","1.650000","2.000000","0.000000","108.632564","40.144097","56364210.084448"
"Case 44","240.000000","340.000000","100.000000","1.650000","2.000000","400.000000","108.632564","40.144098","56364210.395815"
"Case 45","240.000000","340.000000","100.000000","1.650000","2.000000","800.000000","108.632564","40.144098","56364210.712147"
"Case 46","240.000000","340.000000","100.000000","2.000000","1.000000","0.000000","108.960465","39.522747","57979897.771630"
"Case 47","240.000000","340.000000","100.000000","2.000000","1.000000","400.000000","108.960465","39.523658","57980277.119433"
"Case 48","240.000000","340.000000","100.000000","2.000000","1.000000","800.000000","108.960465","39.523720","57980247.296243"
"Case 49","240.000000","340.000000","100.000000","2.000000","1.500000","0.000000","108.960465","39.523712","57980230.805882"
"Case 50","240.000000","340.000000","100.000000","2.000000","1.500000","400.000000","108.960465","39.523707","57980215.029314"
"Case 51","240.000000","340.000000","100.000000","2.000000","1.500000","800.000000","108.960465","39.523704","57980199.737434"
"Case 52","240.000000","340.000000","100.000000","2.000000","2.000000","0.000000","108.960465","39.523699","57980184.854713"
"Case 53","240.000000","340.000000","100.000000","2.000000","2.000000","400.000000","108.960465","39.523695","57980170.430595"
"Case 54","240.000000","340.000000","100.000000","2.000000","2.000000","800.000000","108.960465","39.523690","57980156.460313"
"Case 55","240.000000","340.000000","110.000000","1.300000","1.000000","0.000000","108.153660","41.109610","51578382.619598"
"Case 56","240.000000","340.000000","110.000000","1.300000","1.000000","400.000000","108.153660","41.108861","51577473.619269"
"Case 57","240.000000","340.000000","110.000000","1.300000","1.000000","800.000000","108.153660","41.108800","51577527.448955"
"Case 58","240.000000","340.000000","110.000000","1.300000","1.500000","0.000000","108.153660","41.108811","51577564.482093"
"Case 59","240.000000","340.000000","110.000000","1.300000","1.500000","400.000000","108.153660","41.109649","51577436.831514"
"Case 60","240.000000","340.000000","110.000000","1.300000","1.500000","800.000000","108.153660","41.109625","51577436.335147"
"Case 61","240.000000","340.000000","110.000000","1.300000","2.000000","0.000000","108.153660","41.109625","51577436.997895"
"Case 62","240.000000","340.000000","110.000000","1.300000","2.000000","400.000000","108.153660","41.109626","51577437.617882"
"Case 63","240.000000","340.000000","110.000000","1.300000","2.000000","800.000000","108.153660","41.109626","51577438.224393"
"Case 64","240.000000","340.000000","110.000000","1.650000","1.000000","0.000000","108.632857","40.145853","56155216.213617"
"Case 65","240.000000","340.000000","110.000000","1.650000","1.000000","400.000000","108.632857","40.144545","56156148.343531"
"Case 66","240.000000","340.000000","110.000000","1.650000","1.000000","800.000000","108.632857","40.144637","56156114.961139"
"Case 67","240.000000","340.000000","110.000000","1.650000","1.500000","0.000000","108.632857","40.144628","56156094.808490"
"Case 68","240.000000","340.000000","110.000000","1.650000","1.500000","400.000000","108.632857","40.144623","56156075.362306"
"Case 69","240.000000","340.000000","110.000000","1.650000","1.500000","800.000000","108.632857","40.144618","56156056.424127"
"Case 70","240.000000","340.000000","110.000000","1.650000","2.000000","0.000000","108.632857","40.144613","56156037.985452"
"Case 71","240.000000","340.000000","110.000000","1.650000","2.000000","400.000000","108.632857","40.144608","56156020.033063"
"Case 72","240.000000","340.000000","110.000000","1.650000","2.000000","800.000000","108.632857","40.144241","56156133.058215"
"Case 73","240.000000","340.000000","110.000000","2.000000","1.000000","0.000000","108.960766","39.524751","57771489.635816"
"Case 74","240.000000","340.000000","110.000000","2.000000","1.000000","400.000000","108.960766","39.524485","57772263.002222"
"Case 75","240.000000","340.000000","110.000000","2.000000","1.000000","800.000000","108.960766","39.524576","57772224.975626"
"Case 76","240.000000","340.000000","110.000000","2.000000","1.500000","0.000000","108.960766","39.524564","57772201.321250"
"Case 77","240.000000","340.000000","110.000000","2.000000","1.500000","400.000000","108.960766","39.524558","57772178.484755"
"Case 78","240.000000","340.000000","110.000000","2.000000","1.500000","800.000000","108.960766","39.524551","57772156.496628"
"Case 79","240.000000","340.000000","110.000000","2.000000","2.000000","0.000000","108.960766","39.524545","57772135.202700"
"Case 80","240.000000","340.000000","110.000000","2.000000","2.000000","400.000000","108.960766","39.524539","57772114.527792"
"Case 81","240.000000","340.000000","110.000000","2.000000","2.000000","800.000000","108.960766","39.524200","57772228.582207"
"Case 82","240.000000","350.000000","90.000000","1.300000","1.000000","0.000000","116.784761","23.656050","50624345.624833"
"Case 83","240.000000","350.000000","90.000000","1.300000","1.000000","400.000000","116.784761","23.665937","50623504.325364"
"Case 84","240.000000","350.000000","90.000000","1.300000","1.000000","800.000000","116.784761","23.665290","50623462.331289"
"Case 85","240.000000","350.000000","90.000000","1.300000","1.500000","0.000000","116.784761","23.665289","50623469.570802"
"Case 86","240.000000","350.000000","90.000000","1.300000","1.500000","400.000000","116.784761","23.665290","50623475.703907"
"Case 87","240.000000","350.000000","90.000000","1.300000","1.500000","800.000000","116.784761","23.665291","50623481.697911"
"Case 88","240.000000","350.000000","90.000000","1.300000","2.000000","0.000000","116.784761","23.665292","50623487.573850"
"Case 89","240.000000","350.000000","90.000000","1.300000","2.000000","400.000000","116.784761","23.665293","50623493.335387"
"Case 90","240.000000","350.000000","90.000000","1.300000","2.000000","800.000000","116.784761","23.665293","50623498.980977"
"Case 91","240.000000","350.000000","90.000000","1.650000","1.000000","0.000000","117.387100","22.448581","55590065.844899"
"Case 92","240.000000","350.000000","90.000000","1.650000","1.000000","400.000000","117.387100","22.431162","55591165.975532"
"Case 93","240.000000","350.000000","90.000000","1.650000","1.000000","800.000000","117.387100","22.432156","55591349.729277"
"Case 94","240.000000","350.000000","90.000000","1.650000","1.500000","0.000000","117.387100","22.433135","55591033.910840"
"Case 95","240.000000","350.000000","90.000000","1.650000","1.500000","400.000000","117.387100","22.433016","55591027.584862"
"Case 96","240.000000","350.000000","90.000000","1.650000","1.500000","800.000000","117.387100","22.433017","55591031.200204"
"Case 97","240.000000","350.000000","90.000000","1.650000","2.000000","0.000000","117.387100","22.433017","55591034.421531"
"Case 98","240.000000","350.000000","90.000000","1.650000","2.000000","400.000000","117.387100","22.433018","55591037.589691"
"Case 99","240.000000","350.000000","90.000000","1.650000","2.000000","800.000000","117.387100","22.433018","55591040.711035"
"Case 100","240.000000","350.000000","90.000000","2.000000","1.000000","0.000000","117.799798","21.679469","58819697.498887"
"Case 101","240.000000","350.000000","90.000000","2.000000","1.000000","400.000000","117.799798","21.662264","58820734.032169"
"Case 102","240.000000","350.000000","90.000000","2.000000","1.000000","800.000000","117.799798","21.663380","58820787.491155"
"Case 103","240.000000","350.000000","90.000000","2.000000","1.500000","0.000000","117.799798","21.661043","58820597.939264"
"Case 104","240.000000","350.000000","90.000000","2.000000","1.500000","400.000000","117.799798","21.660881","58820657.447478"
"Case 105","240.000000","350.000000","90.000000","2.000000","1.500000","800.000000","117.799798","21.660889","58820712.048545"
"Case 106","240.000000","350.000000","90.000000","2.000000","2.000000","0.000000","117.799798","21.660957","58820723.056333"
"Case 107","240.000000","350.000000","90.000000","2.000000","2.000000","400.000000","117.799798","21.661007","58820769.517610"
"Case 108","240.000000","350.000000","90.000000","2.000000","2.000000","800.000000","117.799798","21.661010","58820812.651903"
"Case 109","240.000000","350.000000","100.000000","1.300000","1.000000","0.000000","116.783081","23.655430","50405665.110106"
"Case 110","240.000000","350.000000","100.000000","1.300000","1.000000","400.000000","116.783081","23.668773","50404591.710885"
"Case 111","240.000000","350.000000","100.000000","1.300000","1.000000","800.000000","116.783081","23.667814","50404546.065391"
"Case 112","240.000000","350.000000","100.000000","1.300000","1.500000","0.000000","116.783081","23.667812","50404584.286863"
"Case 113","240.000000","350.000000","100.000000","1.300000","1.500000","400.000000","116.783081","23.667817","50404620.608173"
"Case 114","240.000000","350.000000","100.000000","1.300000","1.500000","800.000000","116.783081","23.668808","50404773.512664"
"Case 115","240.000000","350.000000","100.000000","1.300000","2.000000","0.000000","116.783081","23.668894","50404753.224804"
"Case 116","240.000000","350.000000","100.000000","1.300000","2.000000","400.000000","116.783081","23.668889","50404735.828283"
"Case 117","240.000000","350.000000","100.000000","1.300000","2.000000","800.000000","116.783081","23.668887","50404719.099454"
"Case 118","240.000000","350.000000","100.000000","1.650000","1.000000","0.000000","117.387504","22.448104","55388739.848357"
"Case 119","240.000000","350.000000","100.000000","1.650000","1.000000","400.000000","117.387504","22.431983","55389881.995577"
"Case 120","240.000000","350.000000","100.000000","1.650000","1.000000","800.000000","117.387504","22.434390","55389781.402489"
"Case 121","240.000000","350.000000","100.000000","1.650000","1.500000","0.000000","117.387504","22.434258","55389759.333301"
"Case 122","240.000000","350.000000","100.000000","1.650000","1.500000","400.000000","117.387504","22.434255","55389753.939525"
"Case 123","240.000000","350.000000","100.000000","1.650000","1.500000","800.000000","117.387504","22.434255","55389748.530044"
"Case 124","240.000000","350.000000","100.000000","1.650000","2.000000","0.000000","117.387504","22.434254","55389743.213729"
"Case 125","240.000000","350.000000","100.000000","1.650000","2.000000","400.000000","117.387504","22.434254","55389737.999221"
"Case 126","240.000000","350.000000","100.000000","1.650000","2.000000","800.000000","117.387504","22.434253","55389732.884445"
"Case 127","240.000000","350.000000","100.000000","2.000000","1.000000","0.000000","117.777346","21.629417","58611201.093201"
"Case 128","240.000000","350.000000","100.000000","2.000000","1.000000","400.000000","117.777346","21.621498","58610675.276353"
"Case 129","240.000000","350.000000","100.000000","2.000000","1.000000","800.000000","117.777346","21.624442","58610562.413536"
"Case 130","240.000000","350.000000","100.000000","2.000000","1.500000","0.000000","117.777346","21.624318","58610520.293235"
"Case 131","240.000000","350.000000","100.000000","2.000000","1.500000","400.000000","117.777346","21.624312","58610506.311683"
"Case 132","240.000000","350.000000","100.000000","2.000000","1.500000","800.000000","117.777346","21.624311","58610492.875266"
"Case 133","240.000000","350.000000","100.000000","2.000000","2.000000","0.000000","117.777346","21.624310","58610479.659371"
"Case 134","240.000000","350.000000","100.000000","2.000000","2.000000","400.000000","117.777346","21.624309","58610466.678641"
"Case 135","240.000000","350.000000","100.000000","2.000000","2.000000","800.000000","117.777346","21.624308","58610453.929101"
"Case 136","240.000000","350.000000","110.000000","1.300000","1.000000","0.000000","116.779275","23.653179","50195185.849914"
"Case 137","240.000000","350.000000","110.000000","1.300000","1.000000","400.000000","116.779275","23.662973","50194029.801318"
"Case 138","240.000000","350.000000","110.000000","1.300000","1.000000","800.000000","116.779275","23.663983","50194368.531618"
"Case 139","240.000000","350.000000","110.000000","1.300000","1.500000","0.000000","116.779275","23.664211","50194339.610648"
"Case 140","240.000000","350.000000","110.000000","1.300000","1.500000","400.000000","116.779275","23.664203","50194309.420828"
"Case 141","240.000000","350.000000","110.000000","1.300000","1.500000","800.000000","116.779275","23.664200","50194280.445250"
"Case 142","240.000000","350.000000","110.000000","1.300000","2.000000","0.000000","116.779275","23.663468","50194420.787154"
"Case 143","240.000000","350.000000","110.000000","1.300000","2.000000","400.000000","116.779275","23.663523","50194425.939635"
"Case 144","240.000000","350.000000","110.000000","1.300000","2.000000","800.000000","116.779275","23.663524","50194425.784533"
"Case 145","240.000000","350.000000","110.000000","1.650000","1.000000","0.000000","117.387352","22.447830","55184693.096075"
"Case 146","240.000000","350.000000","110.000000","1.650000","1.000000","400.000000","117.387352","22.433534","55186115.198586"
"Case 147","240.000000","350.000000","110.000000","1.650000","1.000000","800.000000","117.387352","22.432907","55185592.092924"
"Case 148","240.000000","350.000000","110.000000","1.650000","1.500000","0.000000","117.387352","22.432488","55185642.772975"
"Case 149","240.000000","350.000000","110.000000","1.650000","1.500000","400.000000","117.387352","22.432495","55185708.757203"
"Case 150","240.000000","350.000000","110.000000","1.650000","1.500000","800.000000","117.387352","22.433792","55185628.121688"
"Case 151","240.000000","350.000000","110.000000","1.650000","2.000000","0.000000","117.387352","22.433809","55185610.113705"
"Case 152","240.000000","350.000000","110.000000","1.650000","2.000000","400.000000","117.387352","22.433806","55185597.558443"
"Case 153","240.000000","350.000000","110.000000","1.650000","2.000000","800.000000","117.387352","22.433805","55185585.414657"
"Case 154","240.000000","350.000000","110.000000","2.000000","1.000000","0.000000","117.799924","21.674228","58415334.742088"
"Case 155","240.000000","350.000000","110.000000","2.000000","1.000000","400.000000","117.799924","21.659770","58416597.502210"
"Case 156","240.000000","350.000000","110.000000","2.000000","1.000000","800.000000","117.799924","21.659775","58416061.295891"
"Case 157","240.000000","350.000000","110.000000","2.000000","1.500000","0.000000","117.799924","21.659138","58416122.142702"
"Case 158","240.000000","350.000000","110.000000","2.000000","1.500000","400.000000","117.799924","21.660915","58416146.859587"
"Case 159","240.000000","350.000000","110.000000","2.000000","1.500000","800.000000","117.799924","21.661048","58416114.168392"
"Case 160","240.000000","350.000000","110.000000","2.000000","2.000000","0.000000","117.799924","21.661044","58416080.765349"
"Case 161","240.000000","350.000000","110.000000","2.000000","2.000000","400.000000","117.799924","21.661041","58416048.521738"
"Case 162","240.000000","350.000000","110.000000","2.000000","2.000000","800.000000","117.799924","21.661038","58416016.860140"
"Case 163","240.000000","360.000000","90.000000","1.300000","1.000000","0.000000","124.101228","8.837043","48632463.670201"
"Case 164","240.000000","360.000000","90.000000","1.300000","1.000000","400.000000","124.101228","8.823558","48632333.695777"
"Case 165","240.000000","360.000000","90.000000","1.300000","1.000000","800.000000","124.101228","8.827030","48632324.290016"
"Case 166","240.000000","360.000000","90.000000","1.300000","1.500000","0.000000","124.101228","8.827068","48632278.226692"
"Case 167","240.000000","360.000000","90.000000","1.300000","1.500000","400.000000","124.101228","8.827063","48632241.326007"
"Case 168","240.000000","360.000000","90.000000","1.300000","1.500000","800.000000","124.101228","8.826187","48632334.267786"
"Case 169","240.000000","360.000000","90.000000","1.300000","2.000000","0.000000","124.101228","8.826199","48632341.013237"
"Case 170","240.000000","360.000000","90.000000","1.300000","2.000000","400.000000","124.101228","8.826201","48632341.651483"
"Case 171","240.000000","360.000000","90.000000","1.300000","2.000000","800.000000","124.101228","8.826201","48632342.020682"
"Case 172","240.000000","360.000000","90.000000","1.650000","1.000000","0.000000","124.907954","7.215457","54291293.879373"
"Case 173","240.000000","360.000000","90.000000","1.650000","1.000000","400.000000","124.907954","7.218844","54287210.233019"
"Case 174","240.000000","360.000000","90.000000","1.650000","1.000000","800.000000","124.907954","7.222440","54287884.466966"
"Case 175","240.000000","360.000000","90.000000","1.650000","1.500000","0.000000","124.907954","7.222717","54287486.739375"
"Case 176","240.000000","360.000000","90.000000","1.650000","1.500000","400.000000","124.907954","7.219409","54287616.070836"
"Case 177","240.000000","360.000000","90.000000","1.650000","1.500000","800.000000","124.907954","7.219462","54287734.099983"
"Case 178","240.000000","360.000000","90.000000","1.650000","2.000000","0.000000","124.907954","7.221413","54287702.122495"
"Case 179","240.000000","360.000000","90.000000","1.650000","2.000000","400.000000","124.907954","7.221427","54287681.933946"
"Case 180","240.000000","360.000000","90.000000","1.650000","2.000000","800.000000","124.907954","7.221425","54287669.454610"
"Case 181","240.000000","360.000000","90.000000","2.000000","1.000000","0.000000","125.416184","6.245893","58757402.281947"
"Case 182","240.000000","360.000000","90.000000","2.000000","1.000000","400.000000","125.416184","6.218329","58754490.334772"
"Case 183","240.000000","360.000000","90.000000","2.000000","1.000000","800.000000","125.416184","6.231589","58755738.211638"
"Case 184","240.000000","360.000000","90.000000","2.000000","1.500000","0.000000","125.416184","6.225613","58755237.154211"
"Case 185","240.000000","360.000000","90.000000","2.000000","1.500000","400.000000","125.416184","6.228270","58755469.679681"
"Case 186","240.000000","360.000000","90.000000","2.000000","1.500000","800.000000","125.416184","6.228701","58755438.339137"
"Case 187","240.000000","360.000000","90.000000","2.000000","2.000000","0.000000","125.416184","6.227065","58755365.737412"
"Case 188","240.000000","360.000000","90.000000","2.000000","2.000000","400.000000","125.416184","6.226862","58755341.497088"
"Case 189","240.000000","360.000000","90.000000","2.000000","2.000000","800.000000","125.416184","6.226854","58755365.067628"
"Case 190","240.000000","360.000000","100.000000","1.300000","1.000000","0.000000","124.100030","8.835337","48433943.402845"
"Case 191","240.000000","360.000000","100.000000","1.300000","1.000000","400.000000","124.100030","8.822472","48433716.593716"
"Case 192","240.000000","360.000000","100.000000","1.300000","1.000000","800.000000","124.100030","8.825591","48433753.085654"
"Case 193","240.000000","360.000000","100.000000","1.300000","1.500000","0.000000","124.100030","8.825635","48433719.985616"
"Case 194","240.000000","360.000000","100.000000","1.300000","1.500000","400.000000","124.100030","8.825631","48433695.001638"
"Case 195","240.000000","360.000000","100.000000","1.300000","1.500000","800.000000","124.100030","8.825630","48433671.162473"
"Case 196","240.000000","360.000000","100.000000","1.300000","2.000000","0.000000","124.100030","8.824868","48433752.030026"
"Case 197","240.000000","360.000000","100.000000","1.300000","2.000000","400.000000","124.100030","8.824876","48433765.049225"
"Case 198","240.000000","360.000000","100.000000","1.300000","2.000000","800.000000","124.100030","8.824877","48433773.142325"
"Case 199","240.000000","360.000000","100.000000","1.650000","1.000000","0.000000","124.907451","7.245997","54091662.403949"
"Case 200","240.000000","360.000000","100.000000","1.650000","1.000000","400.000000","124.907451","7.209637","54089155.779195"
"Case 201","240.000000","360.000000","100.000000","1.650000","1.000000","800.000000","124.907451","7.225047","54090122.594249"
"Case 202","240.000000","360.000000","100.000000","1.650000","1.500000","0.000000","124.907451","7.218719","54089737.340836"
"Case 203","240.000000","360.000000","100.000000","1.650000","1.500000","400.000000","124.907451","7.221278","54089875.022264"
"Case 204","240.000000","360.000000","100.000000","1.650000","1.500000","800.000000","124.907451","7.221527","54089852.933231"
"Case 205","240.000000","360.000000","100.000000","1.650000","2.000000","0.000000","124.907451","7.221533","54089798.666904"
"Case 206","240.000000","360.000000","100.000000","1.650000","2.000000","400.000000","124.907451","7.220234","54089813.762721"
"Case 207","240.000000","360.000000","100.000000","1.650000","2.000000","800.000000","124.907451","7.220129","54089824.546384"
"Case 208","240.000000","360.000000","100.000000","2.000000","1.000000","0.000000","125.423568","6.256222","58576942.639004"
"Case 209","240.000000","360.000000","100.000000","2.000000","1.000000","400.000000","125.423568","6.224293","58574405.775635"
"Case 210","240.000000","360.000000","100.000000","2.000000","1.000000","800.000000","125.423568","6.236089","58575636.930147"
"Case 211","240.000000","360.000000","100.000000","2.000000","1.500000","0.000000","125.423568","6.233109","58575007.594138"
"Case 212","240.000000","360.000000","100.000000","2.000000","1.500000","400.000000","125.423568","6.233741","58575277.821598"
"Case 213","240.000000","360.000000","100.000000","2.000000","1.500000","800.000000","125.423568","6.234103","58575318.494384"
"Case 214","240.000000","360.000000","100.000000","2.000000","2.000000","0.000000","125.423568","6.234118","58575283.085811"
"Case 215","240.000000","360.000000","100.000000","2.000000","2.000000","400.000000","125.423568","6.234121","58575245.186472"
"Case 216","240.000000","360.000000","100.000000","2.000000","2.000000","800.000000","125.423568","6.234123","58575207.563230"
"Case 217","240.000000","360.000000","110.000000","1.300000","1.000000","0.000000","124.101360","8.837095","48231686.240988"
"Case 218","240.000000","360.000000","110.000000","1.300000","1.000000","400.000000","124.101360","8.822096","48231785.577646"
"Case 219","240.000000","360.000000","110.000000","1.300000","1.000000","800.000000","124.101360","8.826245","48231697.541521"
"Case 220","240.000000","360.000000","110.000000","1.300000","1.500000","0.000000","124.101360","8.826200","48231634.998765"
"Case 221","240.000000","360.000000","110.000000","1.300000","1.500000","400.000000","124.101360","8.826191","48231595.977649"
"Case 222","240.000000","360.000000","110.000000","1.300000","1.500000","800.000000","124.101360","8.824887","48231769.413413"
"Case 223","240.000000","360.000000","110.000000","1.300000","2.000000","0.000000","124.101360","8.824952","48231803.167843"
"Case 224","240.000000","360.000000","110.000000","1.300000","2.000000","400.000000","124.101360","8.824957","48231822.690604"
"Case 225","240.000000","360.000000","110.000000","1.300000","2.000000","800.000000","124.101360","8.824958","48231841.332373"
"Case 226","240.000000","360.000000","110.000000","1.650000","1.000000","0.000000","124.907954","7.248894","53867538.174376"
"Case 227","240.000000","360.000000","110.000000","1.650000","1.000000","400.000000","124.907954","7.212376","53864820.049355"
"Case 228","240.000000","360.000000","110.000000","1.650000","1.000000","800.000000","124.907954","7.226374","53865776.239231"
"Case 229","240.000000","360.000000","110.000000","1.650000","1.500000","0.000000","124.907954","7.221173","53865463.971294"
"Case 230","240.000000","360.000000","110.000000","1.650000","1.500000","400.000000","124.907954","7.223086","53865576.058015"
"Case 231","240.000000","360.000000","110.000000","1.650000","1.500000","800.000000","124.907954","7.223284","53865561.499100"
"Case 232","240.000000","360.000000","110.000000","1.650000","2.000000","0.000000","124.907954","7.223289","53865519.996136"
"Case 233","240.000000","360.000000","110.000000","1.650000","2.000000","400.000000","124.907954","7.223290","53865478.632078"
"Case 234","240.000000","360.000000","110.000000","1.650000","2.000000","800.000000","124.907954","7.222362","53865534.100291"
"Case 235","240.000000","360.000000","110.000000","2.000000","1.000000","0.000000","125.423418","6.257839","58342416.053910"
"Case 236","240.000000","360.000000","110.000000","2.000000","1.000000","400.000000","125.423418","6.224374","58339777.025858"
"Case 237","240.000000","360.000000","110.000000","2.000000","1.000000","800.000000","125.423418","6.239404","58341007.819714"
"Case 238","240.000000","360.000000","110.000000","2.000000","1.500000","0.000000","125.423418","6.232646","58340450.373174"
"Case 239","240.000000","360.000000","110.000000","2.000000","1.500000","400.000000","125.423418","6.235700","58340721.275813"
"Case 240","240.000000","360.000000","110.000000","2.000000","1.500000","800.000000","125.423418","6.234320","58340608.013391"
"Case 241","240.000000","360.000000","110.000000","2.000000","2.000000","0.000000","125.423418","6.234133","58340553.916898"
"Case 242","240.000000","360.000000","110.000000","2.000000","2.000000","400.000000","125.423418","6.234128","58340542.138752"
"Case 243","240.000000","360.000000","110.000000","2.000000","2.000000","800.000000","125.423418","6.234129","58340531.496455"
"Case 244","250.000000","340.000000","90.000000","1.300000","1.000000","0.000000","111.301610","34.707763","51498824.751263"
"Case 245","250.000000","340.000000","90.000000","1.300000","1.000000","400.000000","111.301610","34.715823","51497833.670251"
"Case 246","250.000000","340.000000","90.000000","1.300000","1.000000","800.000000","111.301610","34.718290","51497811.406698"
"Case 247","250.000000","340.000000","90.000000","1.300000","1.500000","0.000000","111.301610","34.718213","51497806.062958"
"Case 248","250.000000","340.000000","90.000000","1.300000","1.500000","400.000000","111.301610","34.718213","51497810.624293"
"Case 249","250.000000","340.000000","90.000000","1.300000","1.500000","800.000000","111.301610","34.718214","51497814.998816"
"Case 250","250.000000","340.000000","90.000000","1.300000","2.000000","0.000000","111.301610","34.718215","51497819.279494"
"Case 251","250.000000","340.000000","90.000000","1.300000","2.000000","400.000000","111.301610","34.718216","51497823.468960"
"Case 252","250.000000","340.000000","90.000000","1.300000","2.000000","800.000000","111.301610","34.718217","51497827.569117"
"Case 253","250.000000","340.000000","90.000000","1.650000","1.000000","0.000000","111.812303","33.644704","56232282.207707"
"Case 254","250.000000","340.000000","90.000000","1.650000","1.000000","400.000000","111.812303","33.641535","56232354.441306"
"Case 255","250.000000","340.000000","90.000000","1.650000","1.000000","800.000000","111.812303","33.641738","56232374.996006"
"Case 256","250.000000","340.000000","90.000000","1.650000","1.500000","0.000000","111.812303","33.641740","56232375.152198"
"Case 257","250.000000","340.000000","90.000000","1.650000","1.500000","400.000000","111.812303","33.641740","56232375.528621"
"Case 258","250.000000","340.000000","90.000000","1.650000","1.500000","800.000000","111.812303","33.641740","56232375.899698"
"Case 259","250.000000","340.000000","90.000000","1.650000","2.000000","0.000000","111.812303","33.641740","56232376.261806"
"Case 260","250.000000","340.000000","90.000000","1.650000","2.000000","400.000000","111.812303","33.641740","56232376.615304"
"Case 261","250.000000","340.000000","90.000000","1.650000","2.000000","800.000000","111.812303","33.641740","56232376.960396"
"Case 262","250.000000","340.000000","90.000000","2.000000","1.000000","0.000000","112.186391","33.008443","58412242.601599"
"Case 263","250.000000","340.000000","90.000000","2.000000","1.000000","400.000000","112.186391","33.005489","58413579.241982"
"Case 264","250.000000","340.000000","90.000000","2.000000","1.000000","800.000000","112.186391","33.005888","58413462.084969"
"Case 265","250.000000","340.000000","90.000000","2.000000","1.500000","0.000000","112.186391","33.004026","58413571.871924"
"Case 266","250.000000","340.000000","90.000000","2.000000","1.500000","400.000000","112.186391","33.004090","58413588.084532"
"Case 267","250.000000","340.000000","90.000000","2.000000","1.500000","800.000000","112.186391","33.004093","58413597.560633"
"Case 268","250.000000","340.000000","90.000000","2.000000","2.000000","0.000000","112.186391","33.004095","58413606.810004"
"Case 269","250.000000","340.000000","90.000000","2.000000","2.000000","400.000000","112.186391","33.004097","58413615.822172"
"Case 270","250.000000","340.000000","90.000000","2.000000","2.000000","800.000000","112.186391","33.004099","58413624.598310"
"Case 271","250.000000","340.000000","100.000000","1.300000","1.000000","0.000000","111.308006","34.718805","51329435.267716"
"Case 272","250.000000","340.000000","100.000000","1.300000","1.000000","400.000000","111.308006","34.721842","51328321.382192"
"Case 273","250.000000","340.000000","100.000000","1.300000","1.000000","800.000000","111.308006","34.721592","51328383.106229"
"Case 274","250.000000","340.000000","100.000000","1.300000","1.500000","0.000000","111.308006","34.722816","51328326.251789"
"Case 275","250.000000","340.000000","100.000000","1.300000","1.500000","400.000000","111.308006","34.722778","51328320.092961"
"Case 276","250.000000","340.000000","100.000000","1.300000","1.500000","800.000000","111.308006","34.722777","51328318.313413"
"Case 277","250.000000","340.000000","100.000000","1.300000","2.000000","0.000000","111.308006","34.722777","51328316.552989"
"Case 278","250.000000","340.000000","100.000000","1.300000","2.000000","400.000000","111.308006","34.722777","51328314.828398"
"Case 279","250.000000","340.000000","100.000000","1.300000","2.000000","800.000000","111.308006","34.722776","51328313.140612"
"Case 280","250.000000","340.000000","100.000000","1.650000","1.000000","0.000000","111.830893","33.680555","56047514.758543"
"Case 281","250.000000","340.000000","100.000000","1.650000","1.000000","400.000000","111.830893","33.676711","56048606.977193"
"Case 282","250.000000","340.000000","100.000000","1.650000","1.000000","800.000000","111.830893","33.677008","56048547.926084"
"Case 283","250.000000","340.000000","100.000000","1.650000","1.500000","0.000000","111.830893","33.676990","56048489.933177"
"Case 284","250.000000","340.000000","100.000000","1.650000","1.500000","400.000000","111.830893","33.675845","56048580.431357"
"Case 285","250.000000","340.000000","100.000000","1.650000","1.500000","800.000000","111.830893","33.675879","56048591.746531"
"Case 286","250.000000","340.000000","100.000000","1.650000","2.000000","0.000000","111.830893","33.675881","56048596.808162"
"Case 287","250.000000","340.000000","100.000000","1.650000","2.000000","400.000000","111.830893","33.675882","56048601.768823"
"Case 288","250.000000","340.000000","100.000000","1.650000","2.000000","800.000000","111.830893","33.675883","56048606.612999"
"Case 289","250.000000","340.000000","100.000000","2.000000","1.000000","0.000000","112.186253","33.009296","58210078.802516"
"Case 290","250.000000","340.000000","100.000000","2.000000","1.000000","400.000000","112.186253","33.002717","58210678.357104"
"Case 291","250.000000","340.000000","100.000000","2.000000","1.000000","800.000000","112.186253","33.002800","58210703.292984"
"Case 292","250.000000","340.000000","100.000000","2.000000","1.500000","0.000000","112.186253","33.002806","58210722.203784"
"Case 293","250.000000","340.000000","100.000000","2.000000","1.500000","400.000000","112.186253","33.002810","58210740.723596"
"Case 294","250.000000","340.000000","100.000000","2.000000","1.500000","800.000000","112.186253","33.002814","58210758.764163"
"Case 295","250.000000","340.000000","100.000000","2.000000","2.000000","0.000000","112.186253","33.002818","58210776.333830"
"Case 296","250.000000","340.000000","100.000000","2.000000","2.000000","400.000000","112.186253","33.002821","58210793.444935"
"Case 297","250.000000","340.000000","100.000000","2.000000","2.000000","800.000000","112.186253","33.002825","58210810.111840"
"Case 298","250.000000","340.000000","110.000000","1.300000","1.000000","0.000000","111.307738","34.749771","51124062.106537"
"Case 299","250.000000","340.000000","110.000000","1.300000","1.000000","400.000000","111.307738","34.753795","51122604.342007"
"Case 300","250.000000","340.000000","110.000000","1.300000","1.000000","800.000000","111.307738","34.716309","51121373.382937"
"Case 301","250.000000","340.000000","110.000000","1.300000","1.500000","0.000000","111.307738","34.721684","51120987.790874"
"Case 302","250.000000","340.000000","110.000000","1.300000","1.500000","400.000000","111.307738","34.721479","51121001.734199"
"Case 303","250.000000","340.000000","110.000000","1.300000","1.500000","800.000000","111.307738","34.722794","51121049.859722"
"Case 304","250.000000","340.000000","110.000000","1.300000","2.000000","0.000000","111.307738","34.722778","51121011.441146"
"Case 305","250.000000","340.000000","110.000000","1.300000","2.000000","400.000000","111.307738","34.722771","51120979.372908"
"Case 306","250.000000","340.000000","110.000000","1.300000","2.000000","800.000000","111.307738","34.722765","51120948.002147"
"Case 307","250.000000","340.000000","110.000000","1.650000","1.000000","0.000000","111.831361","33.678647","55841251.502257"
"Case 308","250.000000","340.000000","110.000000","1.650000","1.000000","400.000000","111.831361","33.675540","55842305.811365"
"Case 309","250.000000","340.000000","110.000000","1.650000","1.000000","800.000000","111.831361","33.675844","55842230.430426"
"Case 310","250.000000","340.000000","110.000000","1.650000","1.500000","0.000000","111.831361","33.674208","55842259.334558"
"Case 311","250.000000","340.000000","110.000000","1.650000","1.500000","400.000000","111.831361","33.674226","55842282.223499"
"Case 312","250.000000","340.000000","110.000000","1.650000","1.500000","800.000000","111.831361","33.674232","55842303.661700"
"Case 313","250.000000","340.000000","110.000000","1.650000","2.000000","0.000000","111.831361","33.674236","55842324.611194"
"Case 314","250.000000","340.000000","110.000000","1.650000","2.000000","400.000000","111.831361","33.674240","55842345.048473"
"Case 315","250.000000","340.000000","110.000000","1.650000","2.000000","800.000000","111.831361","33.674238","55842185.248620"
"Case 316","250.000000","340.000000","110.000000","2.000000","1.000000","0.000000","112.185789","33.008756","58001295.535977"
"Case 317","250.000000","340.000000","110.000000","2.000000","1.000000","400.000000","112.185789","33.003767","58002034.917088"
"Case 318","250.000000","340.000000","110.000000","2.000000","1.000000","800.000000","112.185789","33.004061","58002025.482350"
"Case 319","250.000000","340.000000","110.000000","2.000000","1.500000","0.000000","112.185789","33.004053","58002002.527522"
"Case 320","250.000000","340.000000","110.000000","2.000000","1.500000","400.000000","112.185789","33.004048","58001980.850253"
"Case 321","250.000000","340.000000","110.000000","2.000000","1.500000","800.000000","112.185789","33.004044","58001959.739563"
"Case 322","250.000000","340.000000","110.000000","2.000000","2.000000","0.000000","112.185789","33.004039","58001939.180057"
"Case 323","250.000000","340.000000","110.000000","2.000000","2.000000","400.000000","112.185789","33.004035","58001919.157624"
"Case 324","250.000000","340.000000","110.000000","2.000000","2.000000","800.000000","112.185789","33.004031","58001899.658225"
"Case 325","250.000000","350.000000","90.000000","1.300000","1.000000","0.000000","119.367235","18.397985","50105672.205285"
"Case 326","250.000000","350.000000","90.000000","1.300000","1.000000","400.000000","119.367235","18.423388","50104008.869449"
"Case 327","250.000000","350.000000","90.000000","1.300000","1.000000","800.000000","119.367235","18.421152","50104572.512923"
"Case 328","250.000000","350.000000","90.000000","1.300000","1.500000","0.000000","119.367235","18.421702","50104583.916131"
"Case 329","250.000000","350.000000","90.000000","1.300000","1.500000","400.000000","119.367235","18.421704","50104559.018060"
"Case 330","250.000000","350.000000","90.000000","1.300000","1.500000","800.000000","119.367235","18.421702","50104535.223532"
"Case 331","250.000000","350.000000","90.000000","1.300000","2.000000","0.000000","119.367235","18.421700","50104511.885771"
"Case 332","250.000000","350.000000","90.000000","1.300000","2.000000","400.000000","119.367235","18.420932","50104449.747459"
"Case 333","250.000000","350.000000","90.000000","1.300000","2.000000","800.000000","119.367235","18.420832","50104470.193986"
"Case 334","250.000000","350.000000","90.000000","1.650000","1.000000","0.000000","120.025035","17.117848","55204399.667899"
"Case 335","250.000000","350.000000","90.000000","1.650000","1.000000","400.000000","120.025035","17.090377","55205340.621973"
"Case 336","250.000000","350.000000","90.000000","1.650000","1.000000","800.000000","120.025035","17.093598","55204998.725884"
"Case 337","250.000000","350.000000","90.000000","1.650000","1.500000","0.000000","120.025035","17.093166","55204982.348784"
"Case 338","250.000000","350.000000","90.000000","1.650000","1.500000","400.000000","120.025035","17.093158","55205013.665363"
"Case 339","250.000000","350.000000","90.000000","1.650000","1.500000","800.000000","120.025035","17.093160","55205044.636109"
"Case 340","250.000000","350.000000","90.000000","1.650000","2.000000","0.000000","120.025035","17.093161","55205075.035640"
"Case 341","250.000000","350.000000","90.000000","1.650000","2.000000","400.000000","120.025035","17.093929","55205058.367716"
"Case 342","250.000000","350.000000","90.000000","1.650000","2.000000","800.000000","120.025035","17.094000","55205041.594031"
"Case 343","250.000000","350.000000","90.000000","2.000000","1.000000","0.000000","120.470986","16.282801","59021132.385762"
"Case 344","250.000000","350.000000","90.000000","2.000000","1.000000","400.000000","120.470986","16.255605","59022081.776268"
"Case 345","250.000000","350.000000","90.000000","2.000000","1.000000","800.000000","120.470986","16.260131","59022055.579477"
"Case 346","250.000000","350.000000","90.000000","2.000000","1.500000","0.000000","120.470986","16.260057","59021995.173023"
"Case 347","250.000000","350.000000","90.000000","2.000000","1.500000","400.000000","120.470986","16.260049","59021963.879223"
"Case 348","250.000000","350.000000","90.000000","2.000000","1.500000","800.000000","120.470986","16.260049","59021933.812252"
"Case 349","250.000000","350.000000","90.000000","2.000000","2.000000","0.000000","120.470986","16.260049","59021904.174623"
"Case 350","250.000000","350.000000","90.000000","2.000000","2.000000","400.000000","120.470986","16.259554","59022025.022624"
"Case 351","250.000000","350.000000","90.000000","2.000000","2.000000","800.000000","120.470986","16.259535","59022032.899286"
"Case 352","250.000000","350.000000","100.000000","1.300000","1.000000","0.000000","119.372470","18.422924","49876024.855063"
"Case 353","250.000000","350.000000","100.000000","1.300000","1.000000","400.000000","119.372470","18.421733","49877161.558562"
"Case 354","250.000000","350.000000","100.000000","1.300000","1.000000","800.000000","119.372470","18.441256","49875620.452109"
"Case 355","250.000000","350.000000","100.000000","1.300000","1.500000","0.000000","119.372470","18.438848","49875914.523871"
"Case 356","250.000000","350.000000","100.000000","1.300000","1.500000","400.000000","119.372470","18.439153","49875920.935990"
"Case 357","250.000000","350.000000","100.000000","1.300000","1.500000","800.000000","119.372470","18.439155","49875901.366447"
"Case 358","250.000000","350.000000","100.000000","1.300000","2.000000","0.000000","119.372470","18.439153","49875882.423773"
"Case 359","250.000000","350.000000","100.000000","1.300000","2.000000","400.000000","119.372470","18.439152","49875863.863405"
"Case 360","250.000000","350.000000","100.000000","1.300000","2.000000","800.000000","119.372470","18.439150","49875845.655256"
"Case 361","250.000000","350.000000","100.000000","1.650000","1.000000","0.000000","120.027131","17.116554","55009003.245258"
"Case 362","250.000000","350.000000","100.000000","1.650000","1.000000","400.000000","120.027131","17.091706","55009748.917408"
"Case 363","250.000000","350.000000","100.000000","1.650000","1.000000","800.000000","120.027131","17.096813","55009808.287839"
"Case 364","250.000000","350.000000","100.000000","1.650000","1.500000","0.000000","120.027131","17.096694","55009744.792660"
"Case 365","250.000000","350.000000","100.000000","1.650000","1.500000","400.000000","120.027131","17.096683","55009716.547992"
"Case 366","250.000000","350.000000","100.000000","1.650000","1.500000","800.000000","120.027131","17.096682","55009689.656311"
"Case 367","250.000000","350.000000","100.000000","1.650000","2.000000","0.000000","120.027131","17.096106","55009784.940294"
"Case 368","250.000000","350.000000","100.000000","1.650000","2.000000","400.000000","120.027131","17.096111","55009794.712926"
"Case 369","250.000000","350.000000","100.000000","1.650000","2.000000","800.000000","120.027131","17.096112","55009801.119296"
"Case 370","250.000000","350.000000","100.000000","2.000000","1.000000","0.000000","120.471266","16.282832","58821605.706023"
"Case 371","250.000000","350.000000","100.000000","2.000000","1.000000","400.000000","120.471266","16.256746","58822685.275129"
"Case 372","250.000000","350.000000","100.000000","2.000000","1.000000","800.000000","120.471266","16.260339","58822269.895181"
"Case 373","250.000000","350.000000","100.000000","2.000000","1.500000","0.000000","120.471266","16.259864","58822239.445364"
"Case 374","250.000000","350.000000","100.000000","2.000000","1.500000","400.000000","120.471266","16.259851","58822277.336250"
"Case 375","250.000000","350.000000","100.000000","2.000000","1.500000","800.000000","120.471266","16.259852","58822315.410057"
"Case 376","250.000000","350.000000","100.000000","2.000000","2.000000","0.000000","120.471266","16.259853","58822352.907517"
"Case 377","250.000000","350.000000","100.000000","2.000000","2.000000","400.000000","120.471266","16.260631","58822351.696733"
"Case 378","250.000000","350.000000","100.000000","2.000000","2.000000","800.000000","120.471266","16.260735","58822334.087949"
"Case 379","250.000000","350.000000","110.000000","1.300000","1.000000","0.000000","119.372190","18.416706","49682994.233698"
"Case 380","250.000000","350.000000","110.000000","1.300000","1.000000","400.000000","119.372190","18.436953","49681715.688177"
"Case 381","250.000000","350.000000","110.000000","1.300000","1.000000","800.000000","119.372190","18.436955","49682112.397553"
"Case 382","250.000000","350.000000","110.000000","1.300000","1.500000","0.000000","119.372190","18.437116","49682057.052619"
"Case 383","250.000000","350.000000","110.000000","1.300000","1.500000","400.000000","119.372190","18.435116","49682283.554910"
"Case 384","250.000000","350.000000","110.000000","1.300000","1.500000","800.000000","119.372190","18.435413","49682318.748328"
"Case 385","250.000000","350.000000","110.000000","1.300000","2.000000","0.000000","119.372190","18.435421","49682320.332049"
"Case 386","250.000000","350.000000","110.000000","1.300000","2.000000","400.000000","119.372190","18.435422","49682321.715760"
"Case 387","250.000000","350.000000","110.000000","1.300000","2.000000","800.000000","119.372190","18.435422","49682323.017768"
"Case 388","250.000000","350.000000","110.000000","1.650000","1.000000","0.000000","120.024821","17.109826","54807759.318216"
"Case 389","250.000000","350.000000","110.000000","1.650000","1.000000","400.000000","120.024821","17.089795","54808504.419194"
"Case 390","250.000000","350.000000","110.000000","1.650000","1.000000","800.000000","120.024821","17.092582","54808260.081672"
"Case 391","250.000000","350.000000","110.000000","1.650000","1.500000","0.000000","120.024821","17.092311","54808190.320758"
"Case 392","250.000000","350.000000","110.000000","1.650000","1.500000","400.000000","120.024821","17.092302","54808155.606378"
"Case 393","250.000000","350.000000","110.000000","1.650000","1.500000","800.000000","120.024821","17.092300","54808121.735226"
"Case 394","250.000000","350.000000","110.000000","1.650000","2.000000","0.000000","120.024821","17.092328","54808290.673295"
"Case 395","250.000000","350.000000","110.000000","1.650000","2.000000","400.000000","120.024821","17.092356","54808254.504483"
"Case 396","250.000000","350.000000","110.000000","1.650000","2.000000","800.000000","120.024821","17.092354","54808216.587312"
"Case 397","250.000000","350.000000","110.000000","2.000000","1.000000","0.000000","120.471117","16.280051","58618373.969819"
"Case 398","250.000000","350.000000","110.000000","2.000000","1.000000","400.000000","120.471117","16.253423","58619420.496799"
"Case 399","250.000000","350.000000","110.000000","2.000000","1.000000","800.000000","120.471117","16.257482","58619028.587235"
"Case 400","250.000000","350.000000","110.000000","2.000000","1.500000","0.000000","120.471117","16.257030","58618986.223568"
"Case 401","250.000000","350.000000","110.000000","2.000000","1.500000","400.000000","120.471117","16.257016","58619013.117643"
"Case 402","250.000000","350.000000","110.000000","2.000000","1.500000","800.000000","120.471117","16.257016","58619040.886473"
"Case 403","250.000000","350.000000","110.000000","2.000000","2.000000","0.000000","120.471117","16.257017","58619068.237395"
"Case 404","250.000000","350.000000","110.000000","2.000000","2.000000","400.000000","120.471117","16.257017","58619095.206135"
"Case 405","250.000000","350.000000","110.000000","2.000000","2.000000","800.000000","120.471117","16.257018","58619121.796715"
"Case 406","250.000000","360.000000","90.000000","1.300000","1.000000","0.000000","126.117291","4.748301","47869041.570365"
"Case 407","250.000000","360.000000","90.000000","1.300000","1.000000","400.000000","126.117291","4.742607","47867532.489741"
"Case 408","250.000000","360.000000","90.000000","1.300000","1.000000","800.000000","126.117291","4.743264","47867947.808814"
"Case 409","250.000000","360.000000","90.000000","1.300000","1.500000","0.000000","126.117291","4.743824","47868032.739534"
"Case 410","250.000000","360.000000","90.000000","1.300000","1.500000","400.000000","126.117291","4.743840","47868006.849464"
"Case 411","250.000000","360.000000","90.000000","1.300000","1.500000","800.000000","126.117291","4.743840","47867978.183706"
"Case 412","250.000000","360.000000","90.000000","1.300000","2.000000","0.000000","126.117291","4.743271","47867828.297840"
"Case 413","250.000000","360.000000","90.000000","1.300000","2.000000","400.000000","126.117291","4.743101","47867820.599942"
"Case 414","250.000000","360.000000","90.000000","1.300000","2.000000","800.000000","126.117291","4.743097","47867845.127548"
"Case 415","250.000000","360.000000","90.000000","1.650000","1.000000","0.000000","126.982434","3.017177","53599140.111059"
"Case 416","250.000000","360.000000","90.000000","1.650000","1.000000","400.000000","126.982434","3.016655","53595796.986721"
"Case 417","250.000000","360.000000","90.000000","1.650000","1.000000","800.000000","126.982434","3.011194","53596875.750243"
"Case 418","250.000000","360.000000","90.000000","1.650000","1.500000","0.000000","126.982434","3.014442","53596737.370857"
"Case 419","250.000000","360.000000","90.000000","1.650000","1.500000","400.000000","126.982434","3.014451","53596686.930773"
"Case 420","250.000000","360.000000","90.000000","1.650000","1.500000","800.000000","126.982434","3.014451","53596644.628062"
"Case 421","250.000000","360.000000","90.000000","1.650000","2.000000","0.000000","126.982434","3.013186","53596675.812118"
"Case 422","250.000000","360.000000","90.000000","1.650000","2.000000","400.000000","126.982434","3.013075","53596680.361807"
"Case 423","250.000000","360.000000","90.000000","1.650000","2.000000","800.000000","126.982434","3.013071","53596712.784679"
"Case 424","250.000000","360.000000","90.000000","2.000000","1.000000","0.000000","127.525025","1.966234","58137556.509184"
"Case 425","250.000000","360.000000","90.000000","2.000000","1.000000","400.000000","127.525025","1.971438","58135051.430373"
"Case 426","250.000000","360.000000","90.000000","2.000000","1.000000","800.000000","127.525025","1.965895","58135572.830474"
"Case 427","250.000000","360.000000","90.000000","2.000000","1.500000","0.000000","127.525025","1.968101","58135668.099346"
"Case 428","250.000000","360.000000","90.000000","2.000000","1.500000","400.000000","127.525025","1.968266","58135677.181305"
"Case 429","250.000000","360.000000","90.000000","2.000000","1.500000","800.000000","127.525025","1.968269","58135637.378793"
"Case 430","250.000000","360.000000","90.000000","2.000000","2.000000","0.000000","127.525025","1.968270","58135597.131969"
"Case 431","250.000000","360.000000","90.000000","2.000000","2.000000","400.000000","127.525025","1.967579","58135532.713186"
"Case 432","250.000000","360.000000","90.000000","2.000000","2.000000","800.000000","127.525025","1.967461","58135520.378314"
"Case 433","250.000000","360.000000","100.000000","1.300000","1.000000","0.000000","126.116082","4.744795","47677014.866850"
"Case 434","250.000000","360.000000","100.000000","1.300000","1.000000","400.000000","126.116082","4.740470","47675990.961615"
"Case 435","250.000000","360.000000","100.000000","1.300000","1.000000","800.000000","126.116082","4.740916","47676301.119330"
"Case 436","250.000000","360.000000","100.000000","1.300000","1.500000","0.000000","126.116082","4.741335","47676357.450967"
"Case 437","250.000000","360.000000","100.000000","1.300000","1.500000","400.000000","126.116082","4.741348","47676335.249514"
"Case 438","250.000000","360.000000","100.000000","1.300000","1.500000","800.000000","126.116082","4.741347","47676310.863162"
"Case 439","250.000000","360.000000","100.000000","1.300000","2.000000","0.000000","126.116082","4.741347","47676286.873485"
"Case 440","250.000000","360.000000","100.000000","1.300000","2.000000","400.000000","126.116082","4.740912","47676213.281103"
"Case 441","250.000000","360.000000","100.000000","1.300000","2.000000","800.000000","126.116082","4.740779","47676203.247872"
"Case 442","250.000000","360.000000","100.000000","1.650000","1.000000","0.000000","126.982471","3.017795","53403881.941468"
"Case 443","250.000000","360.000000","100.000000","1.650000","1.000000","400.000000","126.982471","3.014583","53400308.946532"
"Case 444","250.000000","360.000000","100.000000","1.650000","1.000000","800.000000","126.982471","3.011647","53401817.599600"
"Case 445","250.000000","360.000000","100.000000","1.650000","1.500000","0.000000","126.982471","3.014177","53401409.236826"
"Case 446","250.000000","360.000000","100.000000","1.650000","1.500000","400.000000","126.982471","3.013930","53401320.423992"
"Case 447","250.000000","360.000000","100.000000","1.650000","1.500000","800.000000","126.982471","3.013922","53401308.647394"
"Case 448","250.000000","360.000000","100.000000","1.650000","2.000000","0.000000","126.982471","3.013922","53401299.345234"
"Case 449","250.000000","360.000000","100.000000","1.650000","2.000000","400.000000","126.982471","3.013922","53401290.249907"
"Case 450","250.000000","360.000000","100.000000","1.650000","2.000000","800.000000","126.982471","3.013922","53401281.292753"
"Case 451","250.000000","360.000000","100.000000","2.000000","1.000000","0.000000","127.525087","1.967233","57941573.277779"
"Case 452","250.000000","360.000000","100.000000","2.000000","1.000000","400.000000","127.525087","1.971817","57938745.789784"
"Case 453","250.000000","360.000000","100.000000","2.000000","1.000000","800.000000","127.525087","1.965581","57939291.862771"
"Case 454","250.000000","360.000000","100.000000","2.000000","1.500000","0.000000","127.525087","1.968805","57939399.674450"
"Case 455","250.000000","360.000000","100.000000","2.000000","1.500000","400.000000","127.525087","1.967915","57939242.005481"
"Case 456","250.000000","360.000000","100.000000","2.000000","1.500000","800.000000","127.525087","1.967716","57939190.042391"
"Case 457","250.000000","360.000000","100.000000","2.000000","2.000000","0.000000","127.525087","1.967712","57939208.978327"
"Case 458","250.000000","360.000000","100.000000","2.000000","2.000000","400.000000","127.525087","1.967711","57939229.125766"
"Case 459","250.000000","360.000000","100.000000","2.000000","2.000000","800.000000","127.525087","1.967711","57939249.061621"
"Case 460","250.000000","360.000000","110.000000","1.300000","1.000000","0.000000","126.117408","4.744640","47453782.298705"
"Case 461","250.000000","360.000000","110.000000","1.300000","1.000000","400.000000","126.117408","4.740703","47452574.814599"
"Case 462","250.000000","360.000000","110.000000","1.300000","1.000000","800.000000","126.117408","4.740810","47452927.981910"
"Case 463","250.000000","360.000000","110.000000","1.300000","1.500000","0.000000","126.117408","4.741249","47453006.354182"
"Case 464","250.000000","360.000000","110.000000","1.300000","1.500000","400.000000","126.117408","4.741262","47452996.830818"
"Case 465","250.000000","360.000000","110.000000","1.300000","1.500000","800.000000","126.117408","4.741262","47452985.018116"
"Case 466","250.000000","360.000000","110.000000","1.300000","2.000000","0.000000","126.117408","4.741262","47452973.353557"
"Case 467","250.000000","360.000000","110.000000","1.300000","2.000000","400.000000","126.117408","4.741262","47452961.910485"
"Case 468","250.000000","360.000000","110.000000","1.300000","2.000000","800.000000","126.117408","4.741262","47452950.684272"
"Case 469","250.000000","360.000000","110.000000","1.650000","1.000000","0.000000","126.982394","3.018898","53159319.589882"
"Case 470","250.000000","360.000000","110.000000","1.650000","1.000000","400.000000","126.982394","3.016030","53155544.455582"
"Case 471","250.000000","360.000000","110.000000","1.650000","1.000000","800.000000","126.982394","3.012369","53156555.032849"
"Case 472","250.000000","360.000000","110.000000","1.650000","1.500000","0.000000","126.982394","3.014976","53156409.796811"
"Case 473","250.000000","360.000000","110.000000","1.650000","1.500000","400.000000","126.982394","3.014873","53156357.059564"
"Case 474","250.000000","360.000000","110.000000","1.650000","1.500000","800.000000","126.982394","3.014869","53156341.024692"
"Case 475","250.000000","360.000000","110.000000","1.650000","2.000000","0.000000","126.982394","3.014869","53156326.398907"
"Case 476","250.000000","360.000000","110.000000","1.650000","2.000000","400.000000","126.982394","3.014869","53156312.043127"
"Case 477","250.000000","360.000000","110.000000","1.650000","2.000000","800.000000","126.982394","3.014869","53156297.912246"
"Case 478","250.000000","360.000000","110.000000","2.000000","1.000000","0.000000","127.525140","1.967721","57688369.557507"
"Case 479","250.000000","360.000000","110.000000","2.000000","1.000000","400.000000","127.525140","1.972649","57685508.494661"
"Case 480","250.000000","360.000000","110.000000","2.000000","1.000000","800.000000","127.525140","1.966303","57686009.362353"
"Case 481","250.000000","360.000000","110.000000","2.000000","1.500000","0.000000","127.525140","1.969433","57686203.957025"
"Case 482","250.000000","360.000000","110.000000","2.000000","1.500000","400.000000","127.525140","1.968643","57685994.586302"
"Case 483","250.000000","360.000000","110.000000","2.000000","1.500000","800.000000","127.525140","1.968448","57685935.206583"
"Case 484","250.000000","360.000000","110.000000","2.000000","2.000000","0.000000","127.525140","1.968443","57685939.536445"
"Case 485","250.000000","360.000000","110.000000","2.000000","2.000000","400.000000","127.525140","1.968443","57685945.188979"
"Case 486","250.000000","360.000000","110.000000","2.000000","2.000000","800.000000","127.525140","1.968443","57685950.816825"
"Case 487","260.000000","340.000000","90.000000","1.300000","1.000000","0.000000","114.552029","28.116452","50928532.319710"
"Case 488","260.000000","340.000000","90.000000","1.300000","1.000000","400.000000","114.552029","28.121009","50927604.841134"
"Case 489","260.000000","340.000000","90.000000","1.300000","1.000000","800.000000","114.552029","28.120619","50927635.042436"
"Case 490","260.000000","340.000000","90.000000","1.300000","1.500000","0.000000","114.552029","28.120629","50927676.681346"
"Case 491","260.000000","340.000000","90.000000","1.300000","1.500000","400.000000","114.552029","28.121648","50927653.514539"
"Case 492","260.000000","340.000000","90.000000","1.300000","1.500000","800.000000","114.552029","28.121630","50927642.920907"
"Case 493","260.000000","340.000000","90.000000","1.300000","2.000000","0.000000","114.552029","28.121629","50927637.658685"
"Case 494","260.000000","340.000000","90.000000","1.300000","2.000000","400.000000","114.552029","28.121628","50927632.519415"
"Case 495","260.000000","340.000000","90.000000","1.300000","2.000000","800.000000","114.552029","28.121627","50927627.482865"
"Case 496","260.000000","340.000000","90.000000","1.650000","1.000000","0.000000","115.140672","26.989026","55876325.789655"
"Case 497","260.000000","340.000000","90.000000","1.650000","1.000000","400.000000","115.140672","26.980942","55877834.254575"
"Case 498","260.000000","340.000000","90.000000","1.650000","1.000000","800.000000","115.140672","26.979185","55877664.407797"
"Case 499","260.000000","340.000000","90.000000","1.650000","1.500000","0.000000","115.140672","26.979178","55877677.835096"
"Case 500","260.000000","340.000000","90.000000","1.650000","1.500000","400.000000","115.140672","26.979184","55877690.683253"
"Case 501","260.000000","340.000000","90.000000","1.650000","1.500000","800.000000","115.140672","26.979185","55877702.964501"
"Case 502","260.000000","340.000000","90.000000","1.650000","2.000000","0.000000","115.140672","26.979187","55877714.996275"
"Case 503","260.000000","340.000000","90.000000","1.650000","2.000000","400.000000","115.140672","26.979189","55877726.774837"
"Case 504","260.000000","340.000000","90.000000","1.650000","2.000000","800.000000","115.140672","26.979191","55877738.305466"
"Case 505","260.000000","340.000000","90.000000","2.000000","1.000000","0.000000","115.527916","26.257492","58652495.960134"
"Case 506","260.000000","340.000000","90.000000","2.000000","1.000000","400.000000","115.527916","26.250387","58653672.670271"
"Case 507","260.000000","340.000000","90.000000","2.000000","1.000000","800.000000","115.527916","26.251099","58653616.871321"
"Case 508","260.000000","340.000000","90.000000","2.000000","1.500000","0.000000","115.527916","26.249345","58653516.311974"
"Case 509","260.000000","340.000000","90.000000","2.000000","1.500000","400.000000","115.527916","26.249348","58653528.304730"
"Case 510","260.000000","340.000000","90.000000","2.000000","1.500000","800.000000","115.527916","26.249353","58653538.241735"
"Case 511","260.000000","340.000000","90.000000","2.000000","2.000000","0.000000","115.527916","26.249354","58653547.606150"
"Case 512","260.000000","340.000000","90.000000","2.000000","2.000000","400.000000","115.527916","26.249356","58653556.782324"
"Case 513","260.000000","340.000000","90.000000","2.000000","2.000000","800.000000","115.527916","26.249357","58653565.763292"
"Case 514","260.000000","340.000000","100.000000","1.300000","1.000000","0.000000","114.568274","28.122310","50801039.599670"
"Case 515","260.000000","340.000000","100.000000","1.300000","1.000000","400.000000","114.568274","28.129487","50799751.221258"
"Case 516","260.000000","340.000000","100.000000","1.300000","1.000000","800.000000","114.568274","28.128723","50799743.179587"
"Case 517","260.000000","340.000000","100.000000","1.300000","1.500000","0.000000","114.568274","28.128732","50799762.505047"
"Case 518","260.000000","340.000000","100.000000","1.300000","1.500000","400.000000","114.568274","28.128735","50799780.079994"
"Case 519","260.000000","340.000000","100.000000","1.300000","1.500000","800.000000","114.568274","28.128737","50799797.299031"
"Case 520","260.000000","340.000000","100.000000","1.300000","2.000000","0.000000","114.568274","28.128740","50799814.167537"
"Case 521","260.000000","340.000000","100.000000","1.300000","2.000000","400.000000","114.568274","28.128742","50799830.692195"
"Case 522","260.000000","340.000000","100.000000","1.300000","2.000000","800.000000","114.568274","28.128745","50799846.880038"
"Case 523","260.000000","340.000000","100.000000","1.650000","1.000000","0.000000","115.140908","26.989431","55676124.164831"
"Case 524","260.000000","340.000000","100.000000","1.650000","1.000000","400.000000","115.140908","26.980874","55677563.352271"
"Case 525","260.000000","340.000000","100.000000","1.650000","1.000000","800.000000","115.140908","26.979710","55677388.395402"
"Case 526","260.000000","340.000000","100.000000","1.650000","1.500000","0.000000","115.140908","26.979677","55677377.100442"
"Case 527","260.000000","340.000000","100.000000","1.650000","1.500000","400.000000","115.140908","26.979678","55677366.361149"
"Case 528","260.000000","340.000000","100.000000","1.650000","1.500000","800.000000","115.140908","26.979677","55677355.553840"
"Case 529","260.000000","340.000000","100.000000","1.650000","2.000000","0.000000","115.140908","26.979675","55677344.980769"
"Case 530","260.000000","340.000000","100.000000","1.650000","2.000000","400.000000","115.140908","26.979674","55677334.630216"
"Case 531","260.000000","340.000000","100.000000","1.650000","2.000000","800.000000","115.140908","26.979672","55677324.497434"
"Case 532","260.000000","340.000000","100.000000","2.000000","1.000000","0.000000","115.528430","26.256717","58451175.443784"
"Case 533","260.000000","340.000000","100.000000","2.000000","1.000000","400.000000","115.528430","26.250046","58452330.857468"
"Case 534","260.000000","340.000000","100.000000","2.000000","1.000000","800.000000","115.528430","26.250821","58452344.040860"
"Case 535","260.000000","340.000000","100.000000","2.000000","1.500000","0.000000","115.528430","26.250815","58452298.333405"
"Case 536","260.000000","340.000000","100.000000","2.000000","1.500000","400.000000","115.528430","26.250809","58452255.303854"
"Case 537","260.000000","340.000000","100.000000","2.000000","1.500000","800.000000","115.528430","26.250803","58452213.217804"
"Case 538","260.000000","340.000000","100.000000","2.000000","2.000000","0.000000","115.528430","26.248605","58452131.297931"
"Case 539","260.000000","340.000000","100.000000","2.000000","2.000000","400.000000","115.528430","26.248564","58452257.253456"
"Case 540","260.000000","340.000000","100.000000","2.000000","2.000000","800.000000","115.528430","26.249180","58452135.863739"
"Case 541","260.000000","340.000000","110.000000","1.300000","1.000000","0.000000","114.568013","28.122237","50597416.498483"
"Case 542","260.000000","340.000000","110.000000","1.300000","1.000000","400.000000","114.568013","28.129242","50596031.495522"
"Case 543","260.000000","340.000000","110.000000","1.300000","1.000000","800.000000","114.568013","28.128523","50595992.349015"
"Case 544","260.000000","340.000000","110.000000","1.300000","1.500000","0.000000","114.568013","28.129190","50596039.740178"
"Case 545","260.000000","340.000000","110.000000","1.300000","1.500000","400.000000","114.568013","28.129997","50596095.190020"
"Case 546","260.000000","340.000000","110.000000","1.300000","1.500000","800.000000","114.568013","28.130793","50596214.356349"
"Case 547","260.000000","340.000000","110.000000","1.300000","2.000000","0.000000","114.568013","28.130577","50596239.400382"
"Case 548","260.000000","340.000000","110.000000","1.300000","2.000000","400.000000","114.568013","28.130562","50596231.881862"
"Case 549","260.000000","340.000000","110.000000","1.300000","2.000000","800.000000","114.568013","28.130567","50596231.191401"
"Case 550","260.000000","340.000000","110.000000","1.650000","1.000000","0.000000","115.140826","26.987063","55469902.317678"
"Case 551","260.000000","340.000000","110.000000","1.650000","1.000000","400.000000","115.140826","26.979421","55471276.271660"
"Case 552","260.000000","340.000000","110.000000","1.650000","1.000000","800.000000","115.140826","26.980290","55471269.754342"
"Case 553","260.000000","340.000000","110.000000","1.650000","1.500000","0.000000","115.140826","26.980276","55471214.450424"
"Case 554","260.000000","340.000000","110.000000","1.650000","1.500000","400.000000","115.140826","26.980268","55471162.333686"
"Case 555","260.000000","340.000000","110.000000","1.650000","1.500000","800.000000","115.140826","26.977515","55471044.921653"
"Case 556","260.000000","340.000000","110.000000","1.650000","2.000000","0.000000","115.140826","26.978330","55471021.901295"
"Case 557","260.000000","340.000000","110.000000","1.650000","2.000000","400.000000","115.140826","26.978311","55471084.242526"
"Case 558","260.000000","340.000000","110.000000","1.650000","2.000000","800.000000","115.140826","26.978266","55471031.204181"
"Case 559","260.000000","340.000000","110.000000","2.000000","1.000000","0.000000","115.528104","26.257810","58245263.056016"
"Case 560","260.000000","340.000000","110.000000","2.000000","1.000000","400.000000","115.528104","26.249067","58246395.383191"
"Case 561","260.000000","340.000000","110.000000","2.000000","1.000000","800.000000","115.528104","26.249862","58246428.527785"
"Case 562","260.000000","340.000000","110.000000","2.000000","1.500000","0.000000","115.528104","26.249859","58246389.410644"
"Case 563","260.000000","340.000000","110.000000","2.000000","1.500000","400.000000","115.528104","26.249854","58246352.095634"
"Case 564","260.000000","340.000000","110.000000","2.000000","1.500000","800.000000","115.528104","26.249849","58246315.724074"
"Case 565","260.000000","340.000000","110.000000","2.000000","2.000000","0.000000","115.528104","26.248968","58246378.325721"
"Case 566","260.000000","340.000000","110.000000","2.000000","2.000000","400.000000","115.528104","26.248956","58246399.989760"
"Case 567","260.000000","340.000000","110.000000","2.000000","2.000000","800.000000","115.528104","26.248960","58246423.134354"
"Case 568","260.000000","350.000000","90.000000","1.300000","1.000000","0.000000","121.975008","13.115356","49245618.299355"
"Case 569","260.000000","350.000000","90.000000","1.300000","1.000000","400.000000","121.975008","13.112634","49245725.107124"
"Case 570","260.000000","350.000000","90.000000","1.300000","1.000000","800.000000","121.975008","13.112799","49245746.807242"
"Case 571","260.000000","350.000000","90.000000","1.300000","1.500000","0.000000","121.975008","13.112807","49245740.842198"
"Case 572","260.000000","350.000000","90.000000","1.300000","1.500000","400.000000","121.975008","13.112806","49245734.275033"
"Case 573","260.000000","350.000000","90.000000","1.300000","1.500000","800.000000","121.975008","13.112806","49245727.842888"
"Case 574","260.000000","350.000000","90.000000","1.300000","2.000000","0.000000","121.975008","13.112805","49245721.532139"
"Case 575","260.000000","350.000000","90.000000","1.300000","2.000000","400.000000","121.975008","13.112805","49245715.339858"
"Case 576","260.000000","350.000000","90.000000","1.300000","2.000000","800.000000","121.975008","13.112805","49245709.263815"
"Case 577","260.000000","350.000000","90.000000","1.650000","1.000000","0.000000","122.714599","11.647707","54730299.720653"
"Case 578","260.000000","350.000000","90.000000","1.650000","1.000000","400.000000","122.714599","11.616446","54729247.065739"
"Case 579","260.000000","350.000000","90.000000","1.650000","1.000000","800.000000","122.714599","11.626729","54729334.900932"
"Case 580","260.000000","350.000000","90.000000","1.650000","1.500000","0.000000","122.714599","11.624156","54729357.614974"
"Case 581","260.000000","350.000000","90.000000","1.650000","1.500000","400.000000","122.714599","11.624234","54729399.720288"
"Case 582","260.000000","350.000000","90.000000","1.650000","1.500000","800.000000","122.714599","11.624241","54729416.807733"
"Case 583","260.000000","350.000000","90.000000","1.650000","2.000000","0.000000","122.714599","11.624242","54729432.530990"
"Case 584","260.000000","350.000000","90.000000","1.650000","2.000000","400.000000","122.714599","11.624242","54729447.950162"
"Case 585","260.000000","350.000000","90.000000","1.650000","2.000000","800.000000","122.714599","11.624242","54729463.134554"
"Case 586","260.000000","350.000000","90.000000","2.000000","1.000000","0.000000","123.204444","10.751912","59085642.494359"
"Case 587","260.000000","350.000000","90.000000","2.000000","1.000000","400.000000","123.204444","10.707358","59084318.239140"
"Case 588","260.000000","350.000000","90.000000","2.000000","1.000000","800.000000","123.204444","10.722776","59084650.370646"
"Case 589","260.000000","350.000000","90.000000","2.000000","1.500000","0.000000","123.204444","10.718320","59084629.003953"
"Case 590","260.000000","350.000000","90.000000","2.000000","1.500000","400.000000","123.204444","10.718348","59084697.973348"
"Case 591","260.000000","350.000000","90.000000","2.000000","1.500000","800.000000","123.204444","10.718356","59084733.059091"
"Case 592","260.000000","350.000000","90.000000","2.000000","2.000000","0.000000","123.204444","10.719387","59084607.229653"
"Case 593","260.000000","350.000000","90.000000","2.000000","2.000000","400.000000","123.204444","10.719316","59084562.191244"
"Case 594","260.000000","350.000000","90.000000","2.000000","2.000000","800.000000","123.204444","10.719312","59084535.989571"
"Case 595","260.000000","350.000000","100.000000","1.300000","1.000000","0.000000","122.000309","13.077170","49244061.398163"
"Case 596","260.000000","350.000000","100.000000","1.300000","1.000000","400.000000","122.000309","13.101535","49243363.902573"
"Case 597","260.000000","350.000000","100.000000","1.300000","1.000000","800.000000","122.000309","13.096363","49244041.066433"
"Case 598","260.000000","350.000000","100.000000","1.300000","1.500000","0.000000","122.000309","13.097050","49244116.256472"
"Case 599","260.000000","350.000000","100.000000","1.300000","1.500000","400.000000","122.000309","13.097071","49244101.398841"
"Case 600","260.000000","350.000000","100.000000","1.300000","1.500000","800.000000","122.000309","13.097070","49244084.965270"
"Case 601","260.000000","350.000000","100.000000","1.300000","2.000000","0.000000","122.000309","13.097069","49244068.874976"
"Case 602","260.000000","350.000000","100.000000","1.300000","2.000000","400.000000","122.000309","13.097068","49244053.084691"
"Case 603","260.000000","350.000000","100.000000","1.300000","2.000000","800.000000","122.000309","13.097067","49244037.572339"
"Case 604","260.000000","350.000000","100.000000","1.650000","1.000000","0.000000","122.715016","11.650802","54533573.870768"
"Case 605","260.000000","350.000000","100.000000","1.650000","1.000000","400.000000","122.715016","11.616521","54532793.778863"
"Case 606","260.000000","350.000000","100.000000","1.650000","1.000000","800.000000","122.715016","11.627064","54532765.726424"
"Case 607","260.000000","350.000000","100.000000","1.650000","1.500000","0.000000","122.715016","11.624557","54532873.743590"
"Case 608","260.000000","350.000000","100.000000","1.650000","1.500000","400.000000","122.715016","11.624652","54532913.278777"
"Case 609","260.000000","350.000000","100.000000","1.650000","1.500000","800.000000","122.715016","11.624659","54532926.424591"
"Case 610","260.000000","350.000000","100.000000","1.650000","2.000000","0.000000","122.715016","11.624659","54532938.418820"
"Case 611","260.000000","350.000000","100.000000","1.650000","2.000000","400.000000","122.715016","11.624659","54532950.223108"
"Case 612","260.000000","350.000000","100.000000","1.650000","2.000000","800.000000","122.715016","11.624659","54532961.841390"
"Case 613","260.000000","350.000000","100.000000","2.000000","1.000000","0.000000","123.204747","10.753662","58886281.830594"
"Case 614","260.000000","350.000000","100.000000","2.000000","1.000000","400.000000","123.204747","10.707472","58885304.918860"
"Case 615","260.000000","350.000000","100.000000","2.000000","1.000000","800.000000","123.204747","10.722716","58885674.457808"
"Case 616","260.000000","350.000000","100.000000","2.000000","1.500000","0.000000","123.204747","10.718880","58885566.724557"
"Case 617","260.000000","350.000000","100.000000","2.000000","1.500000","400.000000","123.204747","10.718833","58885638.577702"
"Case 618","260.000000","350.000000","100.000000","2.000000","1.500000","800.000000","123.204747","10.718838","58885689.767834"
"Case 619","260.000000","350.000000","100.000000","2.000000","2.000000","0.000000","123.204747","10.719875","58885542.245323"
"Case 620","260.000000","350.000000","100.000000","2.000000","2.000000","400.000000","123.204747","10.719833","58885517.857100"
"Case 621","260.000000","350.000000","100.000000","2.000000","2.000000","800.000000","123.204747","10.719829","58885508.377515"
"Case 622","260.000000","350.000000","110.000000","1.300000","1.000000","0.000000","121.999573","13.077214","49039877.695218"
"Case 623","260.000000","350.000000","110.000000","1.300000","1.000000","400.000000","121.999573","13.099121","49039064.830334"
"Case 624","260.000000","350.000000","110.000000","1.300000","1.000000","800.000000","121.999573","13.096280","49039325.960657"
"Case 625","260.000000","350.000000","110.000000","1.300000","1.500000","0.000000","121.999573","13.096689","49039353.260031"
"Case 626","260.000000","350.000000","110.000000","1.300000","1.500000","400.000000","121.999573","13.096700","49039331.157586"
"Case 627","260.000000","350.000000","110.000000","1.300000","1.500000","800.000000","121.999573","13.096699","49039308.592633"
"Case 628","260.000000","350.000000","110.000000","1.300000","2.000000","0.000000","121.999573","13.096697","49039286.464382"
"Case 629","260.000000","350.000000","110.000000","1.300000","2.000000","400.000000","121.999573","13.096696","49039264.752840"
"Case 630","260.000000","350.000000","110.000000","1.300000","2.000000","800.000000","121.999573","13.096695","49039243.450125"
"Case 631","260.000000","350.000000","110.000000","1.650000","1.000000","0.000000","122.714413","11.649598","54331218.798215"
"Case 632","260.000000","350.000000","110.000000","1.650000","1.000000","400.000000","122.714413","11.615902","54330020.874525"
"Case 633","260.000000","350.000000","110.000000","1.650000","1.000000","800.000000","122.714413","11.625680","54329925.738185"
"Case 634","260.000000","350.000000","110.000000","1.650000","1.500000","0.000000","122.714413","11.623773","54330267.438375"
"Case 635","260.000000","350.000000","110.000000","1.650000","1.500000","400.000000","122.714413","11.624052","54330301.137926"
"Case 636","260.000000","350.000000","110.000000","1.650000","1.500000","800.000000","122.714413","11.624063","54330286.417296"
"Case 637","260.000000","350.000000","110.000000","1.650000","2.000000","0.000000","122.714413","11.624063","54330270.394469"
"Case 638","260.000000","350.000000","110.000000","1.650000","2.000000","400.000000","122.714413","11.624063","54330254.603688"
"Case 639","260.000000","350.000000","110.000000","1.650000","2.000000","800.000000","122.714413","11.624062","54330239.055490"
"Case 640","260.000000","350.000000","110.000000","2.000000","1.000000","0.000000","123.203877","10.750813","58686143.788840"
"Case 641","260.000000","350.000000","110.000000","2.000000","1.000000","400.000000","123.203877","10.705328","58684564.490315"
"Case 642","260.000000","350.000000","110.000000","2.000000","1.000000","800.000000","123.203877","10.720816","58684694.552226"
"Case 643","260.000000","350.000000","110.000000","2.000000","1.500000","0.000000","123.203877","10.715891","58684961.216704"
"Case 644","260.000000","350.000000","110.000000","2.000000","1.500000","400.000000","123.203877","10.716107","58685072.494233"
"Case 645","260.000000","350.000000","110.000000","2.000000","1.500000","800.000000","123.203877","10.716123","58685114.643162"
"Case 646","260.000000","350.000000","110.000000","2.000000","2.000000","0.000000","123.203877","10.717209","58684785.016116"
"Case 647","260.000000","350.000000","110.000000","2.000000","2.000000","400.000000","123.203877","10.717002","58684740.117473"
"Case 648","260.000000","350.000000","110.000000","2.000000","2.000000","800.000000","123.203877","10.716991","58684738.325082"
"Case 649","260.000000","360.000000","90.000000","1.300000","1.000000","0.000000","127.925491","1.101393","46261106.757029"
"Case 650","260.000000","360.000000","90.000000","1.300000","1.000000","400.000000","127.925491","1.095659","46261711.158570"
"Case 651","260.000000","360.000000","90.000000","1.300000","1.000000","800.000000","127.925491","1.096023","46261776.305641"
"Case 652","260.000000","360.000000","90.000000","1.300000","1.500000","0.000000","127.925491","1.096089","46261801.712926"
"Case 653","260.000000","360.000000","90.000000","1.300000","1.500000","400.000000","127.925491","1.096089","46261806.921892"
"Case 654","260.000000","360.000000","90.000000","1.300000","1.500000","800.000000","127.925491","1.096090","46261811.854687"
"Case 655","260.000000","360.000000","90.000000","1.300000","2.000000","0.000000","127.925491","1.096090","46261816.682646"
"Case 656","260.000000","360.000000","90.000000","1.300000","2.000000","400.000000","127.925491","1.096090","46261821.410415"
"Case 657","260.000000","360.000000","90.000000","1.300000","2.000000","800.000000","127.925491","1.096090","46261826.040109"
"Case 658","260.000000","360.000000","90.000000","1.650000","1.000000","0.000000","128.368043","0.221473","49559141.071412"
"Case 659","260.000000","360.000000","90.000000","1.650000","1.000000","400.000000","128.368043","0.223973","49558066.104069"
"Case 660","260.000000","360.000000","90.000000","1.650000","1.000000","800.000000","128.396477","0.224334","49722863.700596"
"Case 661","260.000000","360.000000","90.000000","1.650000","1.500000","0.000000","128.396477","0.224110","49722676.754786"
"Case 662","260.000000","360.000000","90.000000","1.650000","1.500000","400.000000","128.396477","0.224094","49722635.275871"
"Case 663","260.000000","360.000000","90.000000","1.650000","1.500000","800.000000","128.396477","0.224094","49722607.042995"
"Case 664","260.000000","360.000000","90.000000","1.650000","2.000000","0.000000","128.396477","0.224094","49722579.446235"
"Case 665","260.000000","360.000000","90.000000","1.650000","2.000000","400.000000","128.396477","0.224013","49722704.030786"
"Case 666","260.000000","360.000000","90.000000","1.650000","2.000000","800.000000","128.396477","0.224008","49722696.561162"
"Case 667","260.000000","360.000000","90.000000","2.000000","1.000000","0.000000","128.478986","0.079443","51660902.547765"
"Case 668","260.000000","360.000000","90.000000","2.000000","1.000000","400.000000","128.478986","0.079255","51661178.694451"
"Case 669","260.000000","360.000000","90.000000","2.000000","1.000000","800.000000","128.478986","0.079206","51661279.415246"
"Case 670","260.000000","360.000000","90.000000","2.000000","1.500000","0.000000","128.478986","0.079203","51661244.433497"
"Case 671","260.000000","360.000000","90.000000","2.000000","1.500000","400.000000","128.478986","0.079203","51661216.628118"
"Case 672","260.000000","360.000000","90.000000","2.000000","1.500000","800.000000","128.478986","0.079203","51661189.442537"
"Case 673","260.000000","360.000000","90.000000","2.000000","2.000000","0.000000","128.478986","0.079203","51661162.864246"
"Case 674","260.000000","360.000000","90.000000","2.000000","2.000000","400.000000","128.478986","0.079191","51661294.796311"
"Case 675","260.000000","360.000000","90.000000","2.000000","2.000000","800.000000","128.478986","0.079191","51661288.121119"
"Case 676","260.000000","360.000000","100.000000","1.300000","1.000000","0.000000","127.938175","1.099956","46115049.825980"
"Case 677","260.000000","360.000000","100.000000","1.300000","1.000000","400.000000","127.938175","1.096443","46115332.941304"
"Case 678","260.000000","360.000000","100.000000","1.300000","1.000000","800.000000","127.938175","1.096419","46115378.290173"
"Case 679","260.000000","360.000000","100.000000","1.300000","1.500000","0.000000","127.938175","1.096419","46115423.178194"
"Case 680","260.000000","360.000000","100.000000","1.300000","1.500000","400.000000","127.938175","1.096738","46115387.035837"
"Case 681","260.000000","360.000000","100.000000","1.300000","1.500000","800.000000","127.938175","1.096784","46115405.271928"
"Case 682","260.000000","360.000000","100.000000","1.300000","2.000000","0.000000","127.938175","1.096784","46115407.947370"
"Case 683","260.000000","360.000000","100.000000","1.300000","2.000000","400.000000","127.938175","1.096784","46115410.447579"
"Case 684","260.000000","360.000000","100.000000","1.300000","2.000000","800.000000","127.938175","1.096784","46115412.892774"
"Case 685","260.000000","360.000000","100.000000","1.650000","1.000000","0.000000","128.368726","0.221573","49367340.453193"
"Case 686","260.000000","360.000000","100.000000","1.650000","1.000000","400.000000","128.368726","0.224033","49366526.149566"
"Case 687","260.000000","360.000000","100.000000","1.650000","1.000000","800.000000","128.396638","0.224402","49530055.924498"
"Case 688","260.000000","360.000000","100.000000","1.650000","1.500000","0.000000","128.396638","0.224139","49529981.512854"
"Case 689","260.000000","360.000000","100.000000","1.650000","1.500000","400.000000","128.396638","0.224120","49529929.060612"
"Case 690","260.000000","360.000000","100.000000","1.650000","1.500000","800.000000","128.396638","0.224120","49529890.531165"
"Case 691","260.000000","360.000000","100.000000","1.650000","2.000000","0.000000","128.396638","0.224035","49530018.983865"
"Case 692","260.000000","360.000000","100.000000","1.650000","2.000000","400.000000","128.396638","0.224029","49530001.777810"
"Case 693","260.000000","360.000000","100.000000","1.650000","2.000000","800.000000","128.396638","0.224029","49529989.078409"
"Case 694","260.000000","360.000000","100.000000","2.000000","1.000000","0.000000","128.479063","0.079431","51468221.761843"
"Case 695","260.000000","360.000000","100.000000","2.000000","1.000000","400.000000","128.479063","0.079245","51468485.443206"
"Case 696","260.000000","360.000000","100.000000","2.000000","1.000000","800.000000","128.479063","0.079236","51468358.203871"
"Case 697","260.000000","360.000000","100.000000","2.000000","1.500000","0.000000","128.479063","0.079193","51468558.016008"
"Case 698","260.000000","360.000000","100.000000","2.000000","1.500000","400.000000","128.479063","0.079190","51468517.002156"
"Case 699","260.000000","360.000000","100.000000","2.000000","1.500000","800.000000","128.479063","0.079190","51468483.227215"
"Case 700","260.000000","360.000000","100.000000","2.000000","2.000000","0.000000","128.479063","0.079190","51468450.215752"
"Case 701","260.000000","360.000000","100.000000","2.000000","2.000000","400.000000","128.479063","0.079190","51468417.940875"
"Case 702","260.000000","360.000000","100.000000","2.000000","2.000000","800.000000","128.479063","0.079176","51468581.468192"
"Case 703","260.000000","360.000000","110.000000","1.300000","1.000000","0.000000","127.938536","1.099681","45872306.172231"
"Case 704","260.000000","360.000000","110.000000","1.300000","1.000000","400.000000","127.938536","1.096095","45872590.004517"
"Case 705","260.000000","360.000000","110.000000","1.300000","1.000000","800.000000","127.938536","1.096078","45872631.354122"
"Case 706","260.000000","360.000000","110.000000","1.300000","1.500000","0.000000","127.938536","1.096331","45872729.699971"
"Case 707","260.000000","360.000000","110.000000","1.300000","1.500000","400.000000","127.938536","1.096373","45872749.259145"
"Case 708","260.000000","360.000000","110.000000","1.300000","1.500000","800.000000","127.938536","1.096373","45872754.648327"
"Case 709","260.000000","360.000000","110.000000","1.300000","2.000000","0.000000","127.938536","1.096373","45872759.789067"
"Case 710","260.000000","360.000000","110.000000","1.300000","2.000000","400.000000","127.938536","1.096373","45872764.821345"
"Case 711","260.000000","360.000000","110.000000","1.300000","2.000000","800.000000","127.938536","1.096373","45872769.749193"
"Case 712","260.000000","360.000000","110.000000","1.650000","1.000000","0.000000","128.369387","0.221555","49118619.227064"
"Case 713","260.000000","360.000000","110.000000","1.650000","1.000000","400.000000","128.369387","0.224064","49117813.903946"
"Case 714","260.000000","360.000000","110.000000","1.650000","1.000000","800.000000","128.395977","0.224436","49271965.861839"
"Case 715","260.000000","360.000000","110.000000","1.650000","1.500000","0.000000","128.395977","0.224132","49272012.384508"
"Case 716","260.000000","360.000000","110.000000","1.650000","1.500000","400.000000","128.395977","0.224113","49271964.453704"
"Case 717","260.000000","360.000000","110.000000","1.650000","1.500000","800.000000","128.395977","0.224113","49271928.092407"
"Case 718","260.000000","360.000000","110.000000","1.650000","2.000000","0.000000","128.395977","0.224113","49271892.546998"
"Case 719","260.000000","360.000000","110.000000","1.650000","2.000000","400.000000","128.395977","0.224028","49272060.610085"
"Case 720","260.000000","360.000000","110.000000","1.650000","2.000000","800.000000","128.395977","0.224022","49272046.467847"
"Case 721","260.000000","360.000000","110.000000","2.000000","1.000000","0.000000","128.478612","0.079436","51211376.156867"
"Case 722","260.000000","360.000000","110.000000","2.000000","1.000000","400.000000","128.478612","0.079253","51211610.356971"
"Case 723","260.000000","360.000000","110.000000","2.000000","1.000000","800.000000","128.478612","0.079244","51211493.628047"
"Case 724","260.000000","360.000000","110.000000","2.000000","1.500000","0.000000","128.478612","0.079204","51211704.384534"
"Case 725","260.000000","360.000000","110.000000","2.000000","1.500000","400.000000","128.478612","0.079201","51211671.579855"
"Case 726","260.000000","360.000000","110.000000","2.000000","1.500000","800.000000","128.478612","0.079201","51211643.612748"
"Case 727","260.000000","360.000000","110.000000","2.000000","2.000000","0.000000","128.478612","0.079201","51211616.285091"
"Case 728","260.000000","360.000000","110.000000","2.000000","2.000000","400.000000","128.478612","0.079201","51211589.567304"
"Case 729","260.000000","360.000000","110.000000","2.000000","2.000000","800.000000","128.478612","0.079201","51211563.428304"
