State,"4 - Temperature","5 - Temperature","6 - Temperature","8 - Temperature","VLV-100 - Pressure Drop","P-100 - Delta P","10 - Master Comp Molar Flow (diM-Ether)","14 - Master Comp Molar Flow (Methanol)","SPRDSHT-1 - B1:"
,"C","C","C","C","kPa","kPa","kgmole/h","kgmole/h","kJ/h"
"Case 1","140.000000","240.000000","340.000000","90.000000","20.000000","1000.000000","127.362000","4.373841","33535418.555667"
"Case 2","140.000000","240.000000","340.000000","90.000000","20.000000","1500.000000","127.362341","4.375948","33535415.692507"
"Case 3","140.000000","240.000000","340.000000","90.000000","20.000000","2000.000000","127.362293","4.375175","33534803.770469"
"Case 4","140.000000","240.000000","340.000000","90.000000","40.000000","1000.000000","127.362315","4.375487","33534709.414034"
"Case 5","140.000000","240.000000","340.000000","90.000000","40.000000","1500.000000","127.362313","4.375487","33534707.000286"
"Case 6","140.000000","240.000000","340.000000","90.000000","40.000000","2000.000000","127.362313","4.375487","33534706.921401"
"Case 7","140.000000","240.000000","340.000000","90.000000","60.000000","1000.000000","127.362313","4.375486","33534706.918247"
"Case 8","140.000000","240.000000","340.000000","90.000000","60.000000","1500.000000","127.362313","4.375486","33534706.918152"
"Case 9","140.000000","240.000000","340.000000","90.000000","60.000000","2000.000000","127.362313","4.375486","33534706.918150"
"Case 10","140.000000","240.000000","340.000000","100.000000","20.000000","1000.000000","127.363447","4.375165","33363750.478135"
"Case 11","140.000000","240.000000","340.000000","100.000000","20.000000","1500.000000","127.362304","4.375714","33358290.663211"
"Case 12","140.000000","240.000000","340.000000","100.000000","20.000000","2000.000000","127.362348","4.375314","33359026.757480"
"Case 13","140.000000","240.000000","340.000000","100.000000","40.000000","1000.000000","127.362305","4.375297","33358864.356784"
"Case 14","140.000000","240.000000","340.000000","100.000000","40.000000","1500.000000","127.362309","4.375297","33358863.943335"
"Case 15","140.000000","240.000000","340.000000","100.000000","40.000000","2000.000000","127.362309","4.375297","33358863.969970"
"Case 16","140.000000","240.000000","340.000000","100.000000","60.000000","1000.000000","127.362309","4.375297","33358863.970358"
"Case 17","140.000000","240.000000","340.000000","100.000000","60.000000","1500.000000","127.362309","4.375297","33358863.970336"
"Case 18","140.000000","240.000000","340.000000","100.000000","60.000000","2000.000000","127.362309","4.375297","33358863.970335"
"Case 19","140.000000","240.000000","340.000000","110.000000","20.000000","1000.000000","127.361666","4.375597","33031132.594952"
"Case 20","140.000000","240.000000","340.000000","110.000000","20.000000","1500.000000","127.362388","4.375221","33035165.748698"
"Case 21","140.000000","240.000000","340.000000","110.000000","20.000000","2000.000000","127.362263","4.375081","33034502.950737"
"Case 22","140.000000","240.000000","340.000000","110.000000","40.000000","1000.000000","127.362325","4.375515","33034577.926096"
"Case 23","140.000000","240.000000","340.000000","110.000000","40.000000","1500.000000","127.362318","4.375534","33034578.374855"
"Case 24","140.000000","240.000000","340.000000","110.000000","40.000000","2000.000000","127.362318","4.375534","33034578.378917"
"Case 25","140.000000","240.000000","340.000000","110.000000","60.000000","1000.000000","127.362318","4.375534","33034578.377991"
"Case 26","140.000000","240.000000","340.000000","110.000000","60.000000","1500.000000","127.362318","4.375534","33034578.377995"
"Case 27","140.000000","240.000000","340.000000","110.000000","60.000000","2000.000000","127.362318","4.375534","33034578.377997"
"Case 28","140.000000","240.000000","350.000000","90.000000","20.000000","1000.000000","127.892557","3.227865","32184475.589855"
"Case 29","140.000000","240.000000","350.000000","90.000000","20.000000","1500.000000","127.893228","3.227563","32191505.688077"
"Case 30","140.000000","240.000000","350.000000","90.000000","20.000000","2000.000000","127.893246","3.227514","32191894.520576"
"Case 31","140.000000","240.000000","350.000000","90.000000","40.000000","1000.000000","127.893298","3.227464","32192219.087437"
"Case 32","140.000000","240.000000","350.000000","90.000000","40.000000","1500.000000","127.893292","3.227474","32192198.678516"
"Case 33","140.000000","240.000000","350.000000","90.000000","40.000000","2000.000000","127.893294","3.227475","32192198.418818"
"Case 34","140.000000","240.000000","350.000000","90.000000","60.000000","1000.000000","127.893294","3.227475","32192198.436040"
"Case 35","140.000000","240.000000","350.000000","90.000000","60.000000","1500.000000","127.893294","3.227475","32192198.436782"
"Case 36","140.000000","240.000000","350.000000","90.000000","60.000000","2000.000000","127.893294","3.227475","32192198.436788"
"Case 37","140.000000","240.000000","350.000000","100.000000","20.000000","1000.000000","127.893749","3.227346","32026493.469298"
"Case 38","140.000000","240.000000","350.000000","100.000000","20.000000","1500.000000","127.893272","3.227618","32023338.747408"
"Case 39","140.000000","240.000000","350.000000","100.000000","20.000000","2000.000000","127.893329","3.227704","32023697.897012"
"Case 40","140.000000","240.000000","350.000000","100.000000","40.000000","1000.000000","127.893291","3.227430","32023771.717154"
"Case 41","140.000000","240.000000","350.000000","100.000000","40.000000","1500.000000","127.893295","3.227435","32023772.830106"
"Case 42","140.000000","240.000000","350.000000","100.000000","40.000000","2000.000000","127.893295","3.227436","32023772.913350"
"Case 43","140.000000","240.000000","350.000000","100.000000","60.000000","1000.000000","127.893295","3.227436","32023772.916238"
"Case 44","140.000000","240.000000","350.000000","100.000000","60.000000","1500.000000","127.893295","3.227436","32023772.916290"
"Case 45","140.000000","240.000000","350.000000","100.000000","60.000000","2000.000000","127.893295","3.227436","32023772.916290"
"Case 46","140.000000","240.000000","350.000000","110.000000","20.000000","1000.000000","127.892691","3.227658","31654840.710053"
"Case 47","140.000000","240.000000","350.000000","110.000000","20.000000","1500.000000","127.893388","3.227245","31658616.585071"
"Case 48","140.000000","240.000000","350.000000","110.000000","20.000000","2000.000000","127.893245","3.227107","31657878.799388"
"Case 49","140.000000","240.000000","350.000000","110.000000","40.000000","1000.000000","127.893315","3.227543","31657862.564280"
"Case 50","140.000000","240.000000","350.000000","110.000000","40.000000","1500.000000","127.893289","3.227544","31657762.856425"
"Case 51","140.000000","240.000000","350.000000","110.000000","40.000000","2000.000000","127.893293","3.227544","31657762.309790"
"Case 52","140.000000","240.000000","350.000000","110.000000","60.000000","1000.000000","127.893293","3.227544","31657762.327933"
"Case 53","140.000000","240.000000","350.000000","110.000000","60.000000","1500.000000","127.893293","3.227544","31657762.328786"
"Case 54","140.000000","240.000000","350.000000","110.000000","60.000000","2000.000000","127.893293","3.227544","31657762.328792"
"Case 55","140.000000","240.000000","360.000000","90.000000","20.000000","1000.000000","128.374070","2.416205","31610905.789900"
"Case 56","140.000000","240.000000","360.000000","90.000000","20.000000","1500.000000","128.374096","2.414573","31615312.903287"
"Case 57","140.000000","240.000000","360.000000","90.000000","20.000000","2000.000000","128.374001","2.415169","31614815.678381"
"Case 58","140.000000","240.000000","360.000000","90.000000","40.000000","1000.000000","128.374038","2.414944","31615162.345447"
"Case 59","140.000000","240.000000","360.000000","90.000000","40.000000","1500.000000","128.374025","2.414942","31615114.345853"
"Case 60","140.000000","240.000000","360.000000","90.000000","40.000000","2000.000000","128.374027","2.414942","31615113.959181"
"Case 61","140.000000","240.000000","360.000000","90.000000","60.000000","1000.000000","128.374027","2.414942","31615113.984235"
"Case 62","140.000000","240.000000","360.000000","90.000000","60.000000","1500.000000","128.374027","2.414942","31615113.985396"
"Case 63","140.000000","240.000000","360.000000","90.000000","60.000000","2000.000000","128.374027","2.414942","31615113.985409"
"Case 64","140.000000","240.000000","360.000000","100.000000","20.000000","1000.000000","128.374342","2.414857","31452837.599809"
"Case 65","140.000000","240.000000","360.000000","100.000000","20.000000","1500.000000","128.373984","2.415127","31450655.869640"
"Case 66","140.000000","240.000000","360.000000","100.000000","20.000000","2000.000000","128.374056","2.414954","31451271.326605"
"Case 67","140.000000","240.000000","360.000000","100.000000","40.000000","1000.000000","128.374022","2.415011","31451178.158873"
"Case 68","140.000000","240.000000","360.000000","100.000000","40.000000","1500.000000","128.374026","2.415024","31451178.162462"
"Case 69","140.000000","240.000000","360.000000","100.000000","40.000000","2000.000000","128.374026","2.415024","31451178.233801"
"Case 70","140.000000","240.000000","360.000000","100.000000","60.000000","1000.000000","128.374026","2.415024","31451178.236838"
"Case 71","140.000000","240.000000","360.000000","100.000000","60.000000","1500.000000","128.374026","2.415024","31451178.236889"
"Case 72","140.000000","240.000000","360.000000","100.000000","60.000000","2000.000000","128.374026","2.415024","31451178.236887"
"Case 73","140.000000","240.000000","360.000000","110.000000","20.000000","1000.000000","128.374792","2.414621","31060209.552212"
"Case 74","140.000000","240.000000","360.000000","110.000000","20.000000","1500.000000","128.373874","2.415326","31055299.757863"
"Case 75","140.000000","240.000000","360.000000","110.000000","20.000000","2000.000000","128.374117","2.415542","31056533.469725"
"Case 76","140.000000","240.000000","360.000000","110.000000","40.000000","1000.000000","128.373993","2.414891","31056628.039959"
"Case 77","140.000000","240.000000","360.000000","110.000000","40.000000","1500.000000","128.374043","2.414896","31056838.499392"
"Case 78","140.000000","240.000000","360.000000","110.000000","40.000000","2000.000000","128.374035","2.414896","31056839.889576"
"Case 79","140.000000","240.000000","360.000000","110.000000","60.000000","1000.000000","128.374023","2.414894","31056757.251017"
"Case 80","140.000000","240.000000","360.000000","110.000000","60.000000","1500.000000","128.374026","2.414894","31056756.629055"
"Case 81","140.000000","240.000000","360.000000","110.000000","60.000000","2000.000000","128.374026","2.414894","31056756.657060"
"Case 82","140.000000","250.000000","340.000000","90.000000","20.000000","1000.000000","127.578102","3.910218","32441145.865229"
"Case 83","140.000000","250.000000","340.000000","90.000000","20.000000","1500.000000","127.578445","3.911978","32441380.178047"
"Case 84","140.000000","250.000000","340.000000","90.000000","20.000000","2000.000000","127.578386","3.911386","32440709.608711"
"Case 85","140.000000","250.000000","340.000000","90.000000","40.000000","1000.000000","127.578419","3.911553","32440715.524104"
"Case 86","140.000000","250.000000","340.000000","90.000000","40.000000","1500.000000","127.578416","3.911547","32440713.951582"
"Case 87","140.000000","250.000000","340.000000","90.000000","40.000000","2000.000000","127.578416","3.911547","32440713.882341"
"Case 88","140.000000","250.000000","340.000000","90.000000","60.000000","1000.000000","127.578416","3.911547","32440713.879899"
"Case 89","140.000000","250.000000","340.000000","90.000000","60.000000","1500.000000","127.578416","3.911547","32440713.879836"
"Case 90","140.000000","250.000000","340.000000","90.000000","60.000000","2000.000000","127.578416","3.911547","32440713.879834"
"Case 91","140.000000","250.000000","340.000000","100.000000","20.000000","1000.000000","127.577676","3.911587","32264357.773771"
"Case 92","140.000000","250.000000","340.000000","100.000000","20.000000","1500.000000","127.578394","3.911271","32268546.849756"
"Case 93","140.000000","250.000000","340.000000","100.000000","20.000000","2000.000000","127.578371","3.911506","32267994.062222"
"Case 94","140.000000","250.000000","340.000000","100.000000","40.000000","1000.000000","127.578425","3.911522","32268223.798725"
"Case 95","140.000000","250.000000","340.000000","100.000000","40.000000","1500.000000","127.578421","3.911523","32268224.239467"
"Case 96","140.000000","250.000000","340.000000","100.000000","40.000000","2000.000000","127.578421","3.911523","32268224.222333"
"Case 97","140.000000","250.000000","340.000000","100.000000","60.000000","1000.000000","127.578421","3.911523","32268224.222083"
"Case 98","140.000000","250.000000","340.000000","100.000000","60.000000","1500.000000","127.578421","3.911523","32268224.222100"
"Case 99","140.000000","250.000000","340.000000","100.000000","60.000000","2000.000000","127.578421","3.911523","32268224.222101"
"Case 100","140.000000","250.000000","340.000000","110.000000","20.000000","1000.000000","127.579132","3.911277","31930060.109914"
"Case 101","140.000000","250.000000","340.000000","110.000000","20.000000","1500.000000","127.578318","3.911646","31925658.330226"
"Case 102","140.000000","250.000000","340.000000","110.000000","20.000000","2000.000000","127.578472","3.911817","31926542.946529"
"Case 103","140.000000","250.000000","340.000000","110.000000","40.000000","1000.000000","127.578397","3.911307","31926416.478205"
"Case 104","140.000000","250.000000","340.000000","110.000000","40.000000","1500.000000","127.578423","3.911289","31926542.977590"
"Case 105","140.000000","250.000000","340.000000","110.000000","40.000000","2000.000000","127.578420","3.911289","31926543.255753"
"Case 106","140.000000","250.000000","340.000000","110.000000","60.000000","1000.000000","127.578420","3.911289","31926543.243049"
"Case 107","140.000000","250.000000","340.000000","110.000000","60.000000","1500.000000","127.578420","3.911289","31926543.242639"
"Case 108","140.000000","250.000000","340.000000","110.000000","60.000000","2000.000000","127.578420","3.911289","31926543.242640"
"Case 109","140.000000","250.000000","350.000000","90.000000","20.000000","1000.000000","128.038944","2.915441","31388087.395577"
"Case 110","140.000000","250.000000","350.000000","90.000000","20.000000","1500.000000","128.039530","2.915159","31393958.660590"
"Case 111","140.000000","250.000000","350.000000","90.000000","20.000000","2000.000000","128.039519","2.915155","31394158.864590"
"Case 112","140.000000","250.000000","350.000000","90.000000","40.000000","1000.000000","128.039573","2.915217","31394339.514170"
"Case 113","140.000000","250.000000","350.000000","90.000000","40.000000","1500.000000","128.039562","2.915093","31394457.274116"
"Case 114","140.000000","250.000000","350.000000","90.000000","40.000000","2000.000000","128.039565","2.915098","31394457.746727"
"Case 115","140.000000","250.000000","350.000000","90.000000","60.000000","1000.000000","128.039564","2.915099","31394457.769983"
"Case 116","140.000000","250.000000","350.000000","90.000000","60.000000","1500.000000","128.039564","2.915099","31394457.783870"
"Case 117","140.000000","250.000000","350.000000","90.000000","60.000000","2000.000000","128.039564","2.915099","31394457.796258"
"Case 118","140.000000","250.000000","350.000000","100.000000","20.000000","1000.000000","128.039293","2.915197","31226248.405726"
"Case 119","140.000000","250.000000","350.000000","100.000000","20.000000","1500.000000","128.039610","2.914997","31228364.743310"
"Case 120","140.000000","250.000000","350.000000","100.000000","20.000000","2000.000000","128.039543","2.914930","31228012.125647"
"Case 121","140.000000","250.000000","350.000000","100.000000","40.000000","1000.000000","128.039575","2.914933","31228130.755427"
"Case 122","140.000000","250.000000","350.000000","100.000000","40.000000","1500.000000","128.039570","2.914933","31228131.442093"
"Case 123","140.000000","250.000000","350.000000","100.000000","40.000000","2000.000000","128.039571","2.914933","31228131.399233"
"Case 124","140.000000","250.000000","350.000000","100.000000","60.000000","1000.000000","128.039571","2.914933","31228131.397370"
"Case 125","140.000000","250.000000","350.000000","100.000000","60.000000","1500.000000","128.039571","2.914933","31228131.397364"
"Case 126","140.000000","250.000000","350.000000","100.000000","60.000000","2000.000000","128.039571","2.914933","31228131.397366"
"Case 127","140.000000","250.000000","350.000000","110.000000","20.000000","1000.000000","128.040351","2.914891","30854726.235967"
"Case 128","140.000000","250.000000","350.000000","110.000000","20.000000","1500.000000","128.039434","2.915407","30849735.058514"
"Case 129","140.000000","250.000000","350.000000","110.000000","20.000000","2000.000000","128.039645","2.915602","30850810.150978"
"Case 130","140.000000","250.000000","350.000000","110.000000","40.000000","1000.000000","128.039536","2.915011","30850848.226505"
"Case 131","140.000000","250.000000","350.000000","110.000000","40.000000","1500.000000","128.039578","2.915013","30851023.570375"
"Case 132","140.000000","250.000000","350.000000","110.000000","40.000000","2000.000000","128.039572","2.915013","30851024.536309"
"Case 133","140.000000","250.000000","350.000000","110.000000","60.000000","1000.000000","128.039572","2.915013","30851024.509152"
"Case 134","140.000000","250.000000","350.000000","110.000000","60.000000","1500.000000","128.039572","2.915013","30851024.507536"
"Case 135","140.000000","250.000000","350.000000","110.000000","60.000000","2000.000000","128.039572","2.915013","30851024.507506"
"Case 136","140.000000","250.000000","360.000000","90.000000","20.000000","1000.000000","128.464527","2.199732","31147254.654631"
"Case 137","140.000000","250.000000","360.000000","90.000000","20.000000","1500.000000","128.464571","2.197889","31152052.406205"
"Case 138","140.000000","250.000000","360.000000","90.000000","20.000000","2000.000000","128.464477","2.198451","31151919.917215"
"Case 139","140.000000","250.000000","360.000000","90.000000","40.000000","1000.000000","128.464514","2.198213","31152420.462326"
"Case 140","140.000000","250.000000","360.000000","90.000000","40.000000","1500.000000","128.464508","2.198220","31152422.858356"
"Case 141","140.000000","250.000000","360.000000","90.000000","40.000000","2000.000000","128.464502","2.198219","31152376.106993"
"Case 142","140.000000","250.000000","360.000000","90.000000","60.000000","1000.000000","128.464504","2.198219","31152375.673854"
"Case 143","140.000000","250.000000","360.000000","90.000000","60.000000","1500.000000","128.464503","2.198219","31152375.703281"
"Case 144","140.000000","250.000000","360.000000","90.000000","60.000000","2000.000000","128.464503","2.198219","31152375.704658"
"Case 145","140.000000","250.000000","360.000000","100.000000","20.000000","1000.000000","128.464905","2.198066","30991615.622916"
"Case 146","140.000000","250.000000","360.000000","100.000000","20.000000","1500.000000","128.464441","2.198473","30988808.761539"
"Case 147","140.000000","250.000000","360.000000","100.000000","20.000000","2000.000000","128.464540","2.198191","30989729.731248"
"Case 148","140.000000","250.000000","360.000000","100.000000","40.000000","1000.000000","128.464493","2.198292","30989637.470642"
"Case 149","140.000000","250.000000","360.000000","100.000000","40.000000","1500.000000","128.464509","2.198317","30989689.368627"
"Case 150","140.000000","250.000000","360.000000","100.000000","40.000000","2000.000000","128.464506","2.198317","30989689.881616"
"Case 151","140.000000","250.000000","360.000000","100.000000","60.000000","1000.000000","128.464506","2.198317","30989689.852704"
"Case 152","140.000000","250.000000","360.000000","100.000000","60.000000","1500.000000","128.464506","2.198317","30989689.851021"
"Case 153","140.000000","250.000000","360.000000","100.000000","60.000000","2000.000000","128.464506","2.198317","30989689.850993"
"Case 154","140.000000","250.000000","360.000000","110.000000","20.000000","1000.000000","128.463841","2.198585","30585287.099845"
"Case 155","140.000000","250.000000","360.000000","110.000000","20.000000","1500.000000","128.464647","2.197855","30589509.190240"
"Case 156","140.000000","250.000000","360.000000","110.000000","20.000000","2000.000000","128.464405","2.197625","30588346.997861"
"Case 157","140.000000","250.000000","360.000000","110.000000","40.000000","1000.000000","128.464545","2.198332","30588090.563381"
"Case 158","140.000000","250.000000","360.000000","110.000000","40.000000","1500.000000","128.464482","2.198313","30587824.373718"
"Case 159","140.000000","250.000000","360.000000","110.000000","40.000000","2000.000000","128.464511","2.198316","30587944.550208"
"Case 160","140.000000","250.000000","360.000000","110.000000","60.000000","1000.000000","128.464506","2.198316","30587945.502015"
"Case 161","140.000000","250.000000","360.000000","110.000000","60.000000","1500.000000","128.464507","2.198316","30587945.472481"
"Case 162","140.000000","250.000000","360.000000","110.000000","60.000000","2000.000000","128.464507","2.198316","30587945.470137"
"Case 163","140.000000","260.000000","340.000000","90.000000","20.000000","1000.000000","127.781992","3.472690","31414446.732042"
"Case 164","140.000000","260.000000","340.000000","90.000000","20.000000","1500.000000","127.781243","3.474410","31408385.667341"
"Case 165","140.000000","260.000000","340.000000","90.000000","20.000000","2000.000000","127.781235","3.474565","31408516.281435"
"Case 166","140.000000","260.000000","340.000000","90.000000","40.000000","1000.000000","127.781161","3.473669","31408398.686652"
"Case 167","140.000000","260.000000","340.000000","90.000000","40.000000","1500.000000","127.781174","3.473611","31408462.751673"
"Case 168","140.000000","260.000000","340.000000","90.000000","40.000000","2000.000000","127.781171","3.473610","31408462.962216"
"Case 169","140.000000","260.000000","340.000000","90.000000","60.000000","1000.000000","127.781171","3.473609","31408462.949448"
"Case 170","140.000000","260.000000","340.000000","90.000000","60.000000","1500.000000","127.781171","3.473609","31408462.948951"
"Case 171","140.000000","260.000000","340.000000","90.000000","60.000000","2000.000000","127.781171","3.473609","31408462.948947"
"Case 172","140.000000","260.000000","340.000000","100.000000","20.000000","1000.000000","127.781510","3.473900","31240641.374269"
"Case 173","140.000000","260.000000","340.000000","100.000000","20.000000","1500.000000","127.781143","3.473957","31238061.872597"
"Case 174","140.000000","260.000000","340.000000","100.000000","20.000000","2000.000000","127.781204","3.474026","31238490.324457"
"Case 175","140.000000","260.000000","340.000000","100.000000","40.000000","1000.000000","127.781158","3.474020","31238280.068454"
"Case 176","140.000000","260.000000","340.000000","100.000000","40.000000","1500.000000","127.781163","3.474020","31238279.570836"
"Case 177","140.000000","260.000000","340.000000","100.000000","40.000000","2000.000000","127.781163","3.474020","31238279.597498"
"Case 178","140.000000","260.000000","340.000000","100.000000","60.000000","1000.000000","127.781163","3.474020","31238279.598258"
"Case 179","140.000000","260.000000","340.000000","100.000000","60.000000","1500.000000","127.781163","3.474020","31238279.598252"
"Case 180","140.000000","260.000000","340.000000","100.000000","60.000000","2000.000000","127.781163","3.474020","31238279.598250"
"Case 181","140.000000","260.000000","340.000000","110.000000","20.000000","1000.000000","127.781730","3.473734","30883769.454726"
"Case 182","140.000000","260.000000","340.000000","110.000000","20.000000","1500.000000","127.781090","3.474082","30880397.404820"
"Case 183","140.000000","260.000000","340.000000","110.000000","20.000000","2000.000000","127.781220","3.474232","30881115.425879"
"Case 184","140.000000","260.000000","340.000000","110.000000","40.000000","1000.000000","127.781149","3.473801","30881017.701151"
"Case 185","140.000000","260.000000","340.000000","110.000000","40.000000","1500.000000","127.781175","3.473787","30881139.165553"
"Case 186","140.000000","260.000000","340.000000","110.000000","40.000000","2000.000000","127.781172","3.473787","30881139.545010"
"Case 187","140.000000","260.000000","340.000000","110.000000","60.000000","1000.000000","127.781172","3.473786","30881139.536427"
"Case 188","140.000000","260.000000","340.000000","110.000000","60.000000","1500.000000","127.781172","3.473786","30881139.535986"
"Case 189","140.000000","260.000000","340.000000","110.000000","60.000000","2000.000000","127.781172","3.473786","30881139.535982"
"Case 190","140.000000","260.000000","350.000000","90.000000","20.000000","1000.000000","128.288487","2.623273","30694690.664973"
"Case 191","140.000000","260.000000","350.000000","90.000000","20.000000","1500.000000","128.288493","2.621519","30698947.722780"
"Case 192","140.000000","260.000000","350.000000","90.000000","20.000000","2000.000000","128.288397","2.622139","30698586.104760"
"Case 193","140.000000","260.000000","350.000000","90.000000","40.000000","1000.000000","128.288432","2.622218","30698726.425080"
"Case 194","140.000000","260.000000","350.000000","90.000000","40.000000","1500.000000","128.288427","2.622220","30698727.362803"
"Case 195","140.000000","260.000000","350.000000","90.000000","40.000000","2000.000000","128.288428","2.622220","30698727.315884"
"Case 196","140.000000","260.000000","350.000000","90.000000","60.000000","1000.000000","128.288428","2.622220","30698727.313922"
"Case 197","140.000000","260.000000","350.000000","90.000000","60.000000","1500.000000","128.288428","2.622220","30698727.313910"
"Case 198","140.000000","260.000000","350.000000","90.000000","60.000000","2000.000000","128.288428","2.622220","30698727.313912"
"Case 199","140.000000","260.000000","350.000000","100.000000","20.000000","1000.000000","128.288005","2.622036","30531503.581009"
"Case 200","140.000000","260.000000","350.000000","100.000000","20.000000","1500.000000","128.288488","2.621785","30534607.212160"
"Case 201","140.000000","260.000000","350.000000","100.000000","20.000000","2000.000000","128.288385","2.621681","30534060.613176"
"Case 202","140.000000","260.000000","350.000000","100.000000","40.000000","1000.000000","128.288434","2.621985","30533978.934256"
"Case 203","140.000000","260.000000","350.000000","100.000000","40.000000","1500.000000","128.288419","2.621983","30533922.685989"
"Case 204","140.000000","260.000000","350.000000","100.000000","40.000000","2000.000000","128.288422","2.621984","30533922.272178"
"Case 205","140.000000","260.000000","350.000000","100.000000","60.000000","1000.000000","128.288421","2.621984","30533922.290415"
"Case 206","140.000000","260.000000","350.000000","100.000000","60.000000","1500.000000","128.288421","2.621984","30533922.291328"
"Case 207","140.000000","260.000000","350.000000","100.000000","60.000000","2000.000000","128.288421","2.621984","30533922.291339"
"Case 208","140.000000","260.000000","350.000000","110.000000","20.000000","1000.000000","128.289225","2.621638","30150112.398243"
"Case 209","140.000000","260.000000","350.000000","110.000000","20.000000","1500.000000","128.288276","2.622294","30145093.525692"
"Case 210","140.000000","260.000000","350.000000","110.000000","20.000000","2000.000000","128.288509","2.622516","30146227.468824"
"Case 211","140.000000","260.000000","350.000000","110.000000","40.000000","1000.000000","128.288392","2.621839","30146346.325788"
"Case 212","140.000000","260.000000","350.000000","110.000000","40.000000","1500.000000","128.288434","2.621841","30146511.542603"
"Case 213","140.000000","260.000000","350.000000","110.000000","40.000000","2000.000000","128.288428","2.621841","30146512.703564"
"Case 214","140.000000","260.000000","350.000000","110.000000","60.000000","1000.000000","128.288428","2.621841","30146512.659126"
"Case 215","140.000000","260.000000","350.000000","110.000000","60.000000","1500.000000","128.288428","2.621841","30146512.656504"
"Case 216","140.000000","260.000000","350.000000","110.000000","60.000000","2000.000000","128.288428","2.621841","30146512.656446"
"Case 217","140.000000","260.000000","360.000000","90.000000","20.000000","1000.000000","128.569112","1.992002","30914936.200338"
"Case 218","140.000000","260.000000","360.000000","90.000000","20.000000","1500.000000","128.569181","1.989775","30921202.923197"
"Case 219","140.000000","260.000000","360.000000","90.000000","20.000000","2000.000000","128.569095","1.990396","30921417.920299"
"Case 220","140.000000","260.000000","360.000000","90.000000","40.000000","1000.000000","128.569132","1.990129","30922210.260914"
"Case 221","140.000000","260.000000","360.000000","90.000000","40.000000","1500.000000","128.569127","1.990170","30922422.225101"
"Case 222","140.000000","260.000000","360.000000","90.000000","40.000000","2000.000000","128.569127","1.990191","30922422.633973"
"Case 223","140.000000","260.000000","360.000000","90.000000","60.000000","1000.000000","128.569127","1.990192","30922422.644217"
"Case 224","140.000000","260.000000","360.000000","90.000000","60.000000","1500.000000","128.569127","1.990192","30922422.644812"
"Case 225","140.000000","260.000000","360.000000","90.000000","60.000000","2000.000000","128.569127","1.990192","30922422.644834"
"Case 226","140.000000","260.000000","360.000000","100.000000","20.000000","1000.000000","128.568766","1.990372","30759747.968153"
"Case 227","140.000000","260.000000","360.000000","100.000000","20.000000","1500.000000","128.569170","1.989872","30762215.000299"
"Case 228","140.000000","260.000000","360.000000","100.000000","20.000000","2000.000000","128.569090","1.990176","30761341.627571"
"Case 229","140.000000","260.000000","360.000000","100.000000","40.000000","1000.000000","128.569132","1.990068","30761292.771825"
"Case 230","140.000000","260.000000","360.000000","100.000000","40.000000","1500.000000","128.569119","1.990032","30761247.753020"
"Case 231","140.000000","260.000000","360.000000","100.000000","40.000000","2000.000000","128.569121","1.990031","30761247.120670"
"Case 232","140.000000","260.000000","360.000000","100.000000","60.000000","1000.000000","128.569121","1.990031","30761247.157944"
"Case 233","140.000000","260.000000","360.000000","100.000000","60.000000","1500.000000","128.569121","1.990031","30761247.160099"
"Case 234","140.000000","260.000000","360.000000","100.000000","60.000000","2000.000000","128.569121","1.990031","30761247.160132"
"Case 235","140.000000","260.000000","360.000000","110.000000","20.000000","1000.000000","128.569848","1.989665","30354073.208367"
"Case 236","140.000000","260.000000","360.000000","110.000000","20.000000","1500.000000","128.568950","1.990672","30349083.608563"
"Case 237","140.000000","260.000000","360.000000","110.000000","20.000000","2000.000000","128.569230","1.990934","30350365.065165"
"Case 238","140.000000","260.000000","360.000000","110.000000","40.000000","1000.000000","128.569072","1.990920","30349775.166871"
"Case 239","140.000000","260.000000","360.000000","110.000000","40.000000","1500.000000","128.569143","1.990929","30350049.094495"
"Case 240","140.000000","260.000000","360.000000","110.000000","40.000000","2000.000000","128.569110","1.990925","30349921.314014"
"Case 241","140.000000","260.000000","360.000000","110.000000","60.000000","1000.000000","128.569116","1.990925","30349920.054869"
"Case 242","140.000000","260.000000","360.000000","110.000000","60.000000","1500.000000","128.569115","1.990925","30349920.121402"
"Case 243","140.000000","260.000000","360.000000","110.000000","60.000000","2000.000000","128.569115","1.990925","30349920.127324"
"Case 244","155.000000","240.000000","340.000000","90.000000","20.000000","1000.000000","127.364182","4.374453","52189635.861154"
"Case 245","155.000000","240.000000","340.000000","90.000000","20.000000","1500.000000","127.364589","4.375981","52191451.515825"
"Case 246","155.000000","240.000000","340.000000","90.000000","20.000000","2000.000000","127.364507","4.375170","52190872.338105"
"Case 247","155.000000","240.000000","340.000000","90.000000","40.000000","1000.000000","127.364551","4.375462","52191042.986465"
"Case 248","155.000000","240.000000","340.000000","90.000000","40.000000","1500.000000","127.364546","4.375472","52191042.550246"
"Case 249","155.000000","240.000000","340.000000","90.000000","40.000000","2000.000000","127.364539","4.375471","52190988.707291"
"Case 250","155.000000","240.000000","340.000000","90.000000","60.000000","1000.000000","127.364541","4.375471","52190988.558077"
"Case 251","155.000000","240.000000","340.000000","90.000000","60.000000","1500.000000","127.364541","4.375471","52190988.563955"
"Case 252","155.000000","240.000000","340.000000","90.000000","60.000000","2000.000000","127.364541","4.375471","52190988.564026"
"Case 253","155.000000","240.000000","340.000000","100.000000","20.000000","1000.000000","127.365720","4.375009","52020176.713641"
"Case 254","155.000000","240.000000","340.000000","100.000000","20.000000","1500.000000","127.364538","4.375878","52014686.263108"
"Case 255","155.000000","240.000000","340.000000","100.000000","20.000000","2000.000000","127.364575","4.375120","52015450.906632"
"Case 256","155.000000","240.000000","340.000000","100.000000","40.000000","1000.000000","127.364531","4.375080","52015265.344873"
"Case 257","155.000000","240.000000","340.000000","100.000000","40.000000","1500.000000","127.364536","4.375079","52015264.933204"
"Case 258","155.000000","240.000000","340.000000","100.000000","40.000000","2000.000000","127.364536","4.375079","52015264.946182"
"Case 259","155.000000","240.000000","340.000000","100.000000","60.000000","1000.000000","127.364536","4.375079","52015264.946673"
"Case 260","155.000000","240.000000","340.000000","100.000000","60.000000","1500.000000","127.364536","4.375079","52015264.946661"
"Case 261","155.000000","240.000000","340.000000","100.000000","60.000000","2000.000000","127.364536","4.375079","52015264.946660"
"Case 262","155.000000","240.000000","340.000000","110.000000","20.000000","1000.000000","127.364003","4.375623","51688012.527412"
"Case 263","155.000000","240.000000","340.000000","110.000000","20.000000","1500.000000","127.364604","4.375064","51691444.335904"
"Case 264","155.000000","240.000000","340.000000","110.000000","20.000000","2000.000000","127.364503","4.374925","51690861.126263"
"Case 265","155.000000","240.000000","340.000000","110.000000","40.000000","1000.000000","127.364555","4.375525","51690964.883754"
"Case 266","155.000000","240.000000","340.000000","110.000000","40.000000","1500.000000","127.364548","4.375557","51690966.486740"
"Case 267","155.000000","240.000000","340.000000","110.000000","40.000000","2000.000000","127.364548","4.375557","51690966.477007"
"Case 268","155.000000","240.000000","340.000000","110.000000","60.000000","1000.000000","127.364548","4.375557","51690966.476725"
"Case 269","155.000000","240.000000","340.000000","110.000000","60.000000","1500.000000","127.364548","4.375557","51690966.476740"
"Case 270","155.000000","240.000000","340.000000","110.000000","60.000000","2000.000000","127.364548","4.375557","51690966.476742"
"Case 271","155.000000","240.000000","350.000000","90.000000","20.000000","1000.000000","127.892501","3.227995","50098452.704339"
"Case 272","155.000000","240.000000","350.000000","90.000000","20.000000","1500.000000","127.893171","3.227575","50105456.507122"
"Case 273","155.000000","240.000000","350.000000","90.000000","20.000000","2000.000000","127.893183","3.227547","50105852.599971"
"Case 274","155.000000","240.000000","350.000000","90.000000","40.000000","1000.000000","127.893244","3.227622","50106054.348708"
"Case 275","155.000000","240.000000","350.000000","90.000000","40.000000","1500.000000","127.893240","3.227465","50106235.648381"
"Case 276","155.000000","240.000000","350.000000","90.000000","40.000000","2000.000000","127.893240","3.227468","50106236.638330"
"Case 277","155.000000","240.000000","350.000000","90.000000","60.000000","1000.000000","127.893240","3.227468","50106236.665933"
"Case 278","155.000000","240.000000","350.000000","90.000000","60.000000","1500.000000","127.893240","3.227468","50106236.666956"
"Case 279","155.000000","240.000000","350.000000","90.000000","60.000000","2000.000000","127.893240","3.227468","50106236.666992"
"Case 280","155.000000","240.000000","350.000000","100.000000","20.000000","1000.000000","127.893692","3.227364","49940517.070116"
"Case 281","155.000000","240.000000","350.000000","100.000000","20.000000","1500.000000","127.893216","3.227610","49937312.881348"
"Case 282","155.000000","240.000000","350.000000","100.000000","20.000000","2000.000000","127.893278","3.227700","49937712.169796"
"Case 283","155.000000","240.000000","350.000000","100.000000","40.000000","1000.000000","127.893230","3.227431","49937736.795867"
"Case 284","155.000000","240.000000","350.000000","100.000000","40.000000","1500.000000","127.893243","3.227436","49937791.337362"
"Case 285","155.000000","240.000000","350.000000","100.000000","40.000000","2000.000000","127.893241","3.227436","49937791.673989"
"Case 286","155.000000","240.000000","350.000000","100.000000","60.000000","1000.000000","127.893241","3.227436","49937791.662260"
"Case 287","155.000000","240.000000","350.000000","100.000000","60.000000","1500.000000","127.893241","3.227436","49937791.661766"
"Case 288","155.000000","240.000000","350.000000","100.000000","60.000000","2000.000000","127.893241","3.227436","49937791.661765"
"Case 289","155.000000","240.000000","350.000000","110.000000","20.000000","1000.000000","127.892659","3.227641","49568942.264124"
"Case 290","155.000000","240.000000","350.000000","110.000000","20.000000","1500.000000","127.893323","3.227267","49572528.162997"
"Case 291","155.000000","240.000000","350.000000","110.000000","20.000000","2000.000000","127.893186","3.227131","49571827.900853"
"Case 292","155.000000","240.000000","350.000000","110.000000","40.000000","1000.000000","127.893257","3.227536","49571839.167536"
"Case 293","155.000000","240.000000","350.000000","110.000000","40.000000","1500.000000","127.893231","3.227538","49571735.519358"
"Case 294","155.000000","240.000000","350.000000","110.000000","40.000000","2000.000000","127.893235","3.227538","49571734.978124"
"Case 295","155.000000","240.000000","350.000000","110.000000","60.000000","1000.000000","127.893234","3.227538","49571735.000458"
"Case 296","155.000000","240.000000","350.000000","110.000000","60.000000","1500.000000","127.893234","3.227538","49571735.001470"
"Case 297","155.000000","240.000000","350.000000","110.000000","60.000000","2000.000000","127.893234","3.227538","49571735.001479"
"Case 298","155.000000","240.000000","360.000000","90.000000","20.000000","1000.000000","128.374004","2.416213","49010079.999408"
"Case 299","155.000000","240.000000","360.000000","90.000000","20.000000","1500.000000","128.374010","2.414657","49014328.306320"
"Case 300","155.000000","240.000000","360.000000","90.000000","20.000000","2000.000000","128.373920","2.415106","49014078.476533"
"Case 301","155.000000","240.000000","360.000000","90.000000","40.000000","1000.000000","128.373956","2.415164","49014210.924584"
"Case 302","155.000000","240.000000","360.000000","90.000000","40.000000","1500.000000","128.373950","2.415165","49014212.157576"
"Case 303","155.000000","240.000000","360.000000","90.000000","40.000000","2000.000000","128.373951","2.415165","49014212.102359"
"Case 304","155.000000","240.000000","360.000000","90.000000","60.000000","1000.000000","128.373951","2.415165","49014212.098626"
"Case 305","155.000000","240.000000","360.000000","90.000000","60.000000","1500.000000","128.373951","2.415165","49014212.098598"
"Case 306","155.000000","240.000000","360.000000","90.000000","60.000000","2000.000000","128.373951","2.415165","49014212.098602"
"Case 307","155.000000","240.000000","360.000000","100.000000","20.000000","1000.000000","128.374287","2.414763","48852174.433355"
"Case 308","155.000000","240.000000","360.000000","100.000000","20.000000","1500.000000","128.373911","2.415128","48849792.060347"
"Case 309","155.000000","240.000000","360.000000","100.000000","20.000000","2000.000000","128.373989","2.415207","48850224.827785"
"Case 310","155.000000","240.000000","360.000000","100.000000","40.000000","1000.000000","128.373948","2.414941","48850357.978727"
"Case 311","155.000000","240.000000","360.000000","100.000000","40.000000","1500.000000","128.373963","2.414953","48850419.237188"
"Case 312","155.000000","240.000000","360.000000","100.000000","40.000000","2000.000000","128.373961","2.414954","48850419.719536"
"Case 313","155.000000","240.000000","360.000000","100.000000","60.000000","1000.000000","128.373961","2.414953","48850419.694076"
"Case 314","155.000000","240.000000","360.000000","100.000000","60.000000","1500.000000","128.373961","2.414953","48850419.692653"
"Case 315","155.000000","240.000000","360.000000","100.000000","60.000000","2000.000000","128.373961","2.414953","48850419.692627"
"Case 316","155.000000","240.000000","360.000000","110.000000","20.000000","1000.000000","128.373334","2.415254","48453320.962737"
"Case 317","155.000000","240.000000","360.000000","110.000000","20.000000","1500.000000","128.374059","2.414662","48457336.984924"
"Case 318","155.000000","240.000000","360.000000","110.000000","20.000000","2000.000000","128.373868","2.414494","48456281.652827"
"Case 319","155.000000","240.000000","360.000000","110.000000","40.000000","1000.000000","128.373964","2.415020","48456220.507669"
"Case 320","155.000000","240.000000","360.000000","110.000000","40.000000","1500.000000","128.373925","2.415009","48456030.245246"
"Case 321","155.000000","240.000000","360.000000","110.000000","40.000000","2000.000000","128.373931","2.415008","48456029.199620"
"Case 322","155.000000","240.000000","360.000000","110.000000","60.000000","1000.000000","128.373931","2.415008","48456029.252973"
"Case 323","155.000000","240.000000","360.000000","110.000000","60.000000","1500.000000","128.373931","2.415008","48456029.256445"
"Case 324","155.000000","240.000000","360.000000","110.000000","60.000000","2000.000000","128.373931","2.415008","48456029.256513"
"Case 325","155.000000","250.000000","340.000000","90.000000","20.000000","1000.000000","127.578053","3.909953","50798247.185593"
"Case 326","155.000000","250.000000","340.000000","90.000000","20.000000","1500.000000","127.578393","3.911714","50798487.259970"
"Case 327","155.000000","250.000000","340.000000","90.000000","20.000000","2000.000000","127.578339","3.911137","50797828.660863"
"Case 328","155.000000","250.000000","340.000000","90.000000","40.000000","1000.000000","127.578371","3.911367","50797787.153151"
"Case 329","155.000000","250.000000","340.000000","90.000000","40.000000","1500.000000","127.578362","3.911359","50797741.986472"
"Case 330","155.000000","250.000000","340.000000","90.000000","40.000000","2000.000000","127.578364","3.911358","50797741.796942"
"Case 331","155.000000","250.000000","340.000000","90.000000","60.000000","1000.000000","127.578364","3.911358","50797741.799849"
"Case 332","155.000000","250.000000","340.000000","90.000000","60.000000","1500.000000","127.578364","3.911358","50797741.799879"
"Case 333","155.000000","250.000000","340.000000","90.000000","60.000000","2000.000000","127.578364","3.911358","50797741.799871"
"Case 334","155.000000","250.000000","340.000000","100.000000","20.000000","1000.000000","127.577697","3.911450","50621709.743346"
"Case 335","155.000000","250.000000","340.000000","100.000000","20.000000","1500.000000","127.578330","3.911152","50625485.511173"
"Case 336","155.000000","250.000000","340.000000","100.000000","20.000000","2000.000000","127.578341","3.911370","50625112.772439"
"Case 337","155.000000","250.000000","340.000000","100.000000","40.000000","1000.000000","127.578386","3.911376","50625282.085614"
"Case 338","155.000000","250.000000","340.000000","100.000000","40.000000","1500.000000","127.578375","3.911374","50625229.158039"
"Case 339","155.000000","250.000000","340.000000","100.000000","40.000000","2000.000000","127.578377","3.911374","50625228.980707"
"Case 340","155.000000","250.000000","340.000000","100.000000","60.000000","1000.000000","127.578377","3.911374","50625228.988310"
"Case 341","155.000000","250.000000","340.000000","100.000000","60.000000","1500.000000","127.578377","3.911374","50625228.988552"
"Case 342","155.000000","250.000000","340.000000","100.000000","60.000000","2000.000000","127.578377","3.911374","50625228.988550"
"Case 343","155.000000","250.000000","340.000000","110.000000","20.000000","1000.000000","127.579166","3.911122","50287378.548644"
"Case 344","155.000000","250.000000","340.000000","110.000000","20.000000","1500.000000","127.578282","3.911573","50282508.370906"
"Case 345","155.000000","250.000000","340.000000","110.000000","20.000000","2000.000000","127.578441","3.911218","50283609.488411"
"Case 346","155.000000","250.000000","340.000000","110.000000","40.000000","1000.000000","127.578365","3.911385","50283276.219673"
"Case 347","155.000000","250.000000","340.000000","110.000000","40.000000","1500.000000","127.578390","3.911417","50283391.929755"
"Case 348","155.000000","250.000000","340.000000","110.000000","40.000000","2000.000000","127.578386","3.911418","50283392.339113"
"Case 349","155.000000","250.000000","340.000000","110.000000","60.000000","1000.000000","127.578386","3.911418","50283392.326603"
"Case 350","155.000000","250.000000","340.000000","110.000000","60.000000","1500.000000","127.578386","3.911418","50283392.326195"
"Case 351","155.000000","250.000000","340.000000","110.000000","60.000000","2000.000000","127.578386","3.911418","50283392.326203"
"Case 352","155.000000","250.000000","350.000000","90.000000","20.000000","1000.000000","128.038971","2.915389","49100264.645109"
"Case 353","155.000000","250.000000","350.000000","90.000000","20.000000","1500.000000","128.039538","2.915085","49105943.174019"
"Case 354","155.000000","250.000000","350.000000","90.000000","20.000000","2000.000000","128.039530","2.915087","49106193.896911"
"Case 355","155.000000","250.000000","350.000000","90.000000","40.000000","1000.000000","128.039594","2.915152","49106410.722101"
"Case 356","155.000000","250.000000","350.000000","90.000000","40.000000","1500.000000","128.039586","2.915154","49106412.115687"
"Case 357","155.000000","250.000000","350.000000","90.000000","40.000000","2000.000000","128.039577","2.915152","49106343.006133"
"Case 358","155.000000","250.000000","350.000000","90.000000","60.000000","1000.000000","128.039580","2.915152","49106342.600073"
"Case 359","155.000000","250.000000","350.000000","90.000000","60.000000","1500.000000","128.039580","2.915152","49106342.611165"
"Case 360","155.000000","250.000000","350.000000","90.000000","60.000000","2000.000000","128.039580","2.915152","49106342.611838"
"Case 361","155.000000","250.000000","350.000000","100.000000","20.000000","1000.000000","128.039307","2.915105","48938243.598343"
"Case 362","155.000000","250.000000","350.000000","100.000000","20.000000","1500.000000","128.039595","2.914954","48940208.960005"
"Case 363","155.000000","250.000000","350.000000","100.000000","20.000000","2000.000000","128.039520","2.914894","48939820.513253"
"Case 364","155.000000","250.000000","350.000000","100.000000","40.000000","1000.000000","128.039558","2.915072","48939847.816837"
"Case 365","155.000000","250.000000","350.000000","100.000000","40.000000","1500.000000","128.039552","2.915074","48939848.454896"
"Case 366","155.000000","250.000000","350.000000","100.000000","40.000000","2000.000000","128.039552","2.915074","48939848.412854"
"Case 367","155.000000","250.000000","350.000000","100.000000","60.000000","1000.000000","128.039552","2.915074","48939848.410734"
"Case 368","155.000000","250.000000","350.000000","100.000000","60.000000","1500.000000","128.039552","2.915074","48939848.410697"
"Case 369","155.000000","250.000000","350.000000","100.000000","60.000000","2000.000000","128.039552","2.915074","48939848.410698"
"Case 370","155.000000","250.000000","350.000000","110.000000","20.000000","1000.000000","128.040383","2.914778","48566679.880895"
"Case 371","155.000000","250.000000","350.000000","110.000000","20.000000","1500.000000","128.039380","2.915375","48561409.805605"
"Case 372","155.000000","250.000000","350.000000","110.000000","20.000000","2000.000000","128.039614","2.915598","48562579.709438"
"Case 373","155.000000","250.000000","350.000000","110.000000","40.000000","1000.000000","128.039483","2.914941","48562569.603520"
"Case 374","155.000000","250.000000","350.000000","110.000000","40.000000","1500.000000","128.039538","2.914946","48562801.858221"
"Case 375","155.000000","250.000000","350.000000","110.000000","40.000000","2000.000000","128.039529","2.914946","48562802.647638"
"Case 376","155.000000","250.000000","350.000000","110.000000","60.000000","1000.000000","128.039529","2.914946","48562802.624795"
"Case 377","155.000000","250.000000","350.000000","110.000000","60.000000","1500.000000","128.039529","2.914946","48562802.623141"
"Case 378","155.000000","250.000000","350.000000","110.000000","60.000000","2000.000000","128.039529","2.914946","48562802.623103"
"Case 379","155.000000","250.000000","360.000000","90.000000","20.000000","1000.000000","128.464535","2.199758","48402523.665139"
"Case 380","155.000000","250.000000","360.000000","90.000000","20.000000","1500.000000","128.464575","2.197922","48407498.382819"
"Case 381","155.000000","250.000000","360.000000","90.000000","20.000000","2000.000000","128.464481","2.198494","48407154.953817"
"Case 382","155.000000","250.000000","360.000000","90.000000","40.000000","1000.000000","128.464517","2.198260","48407698.354051"
"Case 383","155.000000","250.000000","360.000000","90.000000","40.000000","1500.000000","128.464504","2.198320","48407687.837407"
"Case 384","155.000000","250.000000","360.000000","90.000000","40.000000","2000.000000","128.464506","2.198292","48407748.816427"
"Case 385","155.000000","250.000000","360.000000","90.000000","60.000000","1000.000000","128.464506","2.198295","48407749.157206"
"Case 386","155.000000","250.000000","360.000000","90.000000","60.000000","1500.000000","128.464506","2.198295","48407749.167385"
"Case 387","155.000000","250.000000","360.000000","90.000000","60.000000","2000.000000","128.464506","2.198295","48407749.167646"
"Case 388","155.000000","250.000000","360.000000","100.000000","20.000000","1000.000000","128.464910","2.198087","48246921.652271"
"Case 389","155.000000","250.000000","360.000000","100.000000","20.000000","1500.000000","128.464425","2.198533","48243920.135832"
"Case 390","155.000000","250.000000","360.000000","100.000000","20.000000","2000.000000","128.464538","2.198228","48245033.259959"
"Case 391","155.000000","250.000000","360.000000","100.000000","40.000000","1000.000000","128.464480","2.198343","48244808.680881"
"Case 392","155.000000","250.000000","360.000000","100.000000","40.000000","1500.000000","128.464500","2.198371","48244916.674351"
"Case 393","155.000000","250.000000","360.000000","100.000000","40.000000","2000.000000","128.464497","2.198278","48245023.389583"
"Case 394","155.000000","250.000000","360.000000","100.000000","60.000000","1000.000000","128.464497","2.198279","48245023.711718"
"Case 395","155.000000","250.000000","360.000000","100.000000","60.000000","1500.000000","128.464497","2.198279","48245023.714984"
"Case 396","155.000000","250.000000","360.000000","100.000000","60.000000","2000.000000","128.464497","2.198279","48245023.715117"
"Case 397","155.000000","250.000000","360.000000","110.000000","20.000000","1000.000000","128.463821","2.198650","47840277.732346"
"Case 398","155.000000","250.000000","360.000000","110.000000","20.000000","1500.000000","128.464640","2.197883","47844714.881046"
"Case 399","155.000000","250.000000","360.000000","110.000000","20.000000","2000.000000","128.464386","2.197651","47843381.628601"
"Case 400","155.000000","250.000000","360.000000","110.000000","40.000000","1000.000000","128.464530","2.198379","47843190.323252"
"Case 401","155.000000","250.000000","360.000000","110.000000","40.000000","1500.000000","128.464464","2.198282","47842910.056381"
"Case 402","155.000000","250.000000","360.000000","110.000000","40.000000","2000.000000","128.464495","2.198293","47843069.420691"
"Case 403","155.000000","250.000000","360.000000","110.000000","60.000000","1000.000000","128.464490","2.198293","47843070.480519"
"Case 404","155.000000","250.000000","360.000000","110.000000","60.000000","1500.000000","128.464490","2.198293","47843070.455920"
"Case 405","155.000000","250.000000","360.000000","110.000000","60.000000","2000.000000","128.464490","2.198293","47843070.453595"
"Case 406","155.000000","260.000000","340.000000","90.000000","20.000000","1000.000000","127.781973","3.472749","49488429.115709"
"Case 407","155.000000","260.000000","340.000000","90.000000","20.000000","1500.000000","127.781233","3.474433","49482109.835603"
"Case 408","155.000000","260.000000","340.000000","90.000000","20.000000","2000.000000","127.781167","3.473746","49482217.544208"
"Case 409","155.000000","260.000000","340.000000","90.000000","40.000000","1000.000000","127.781110","3.473697","49482028.060608"
"Case 410","155.000000","260.000000","340.000000","90.000000","40.000000","1500.000000","127.781118","3.473696","49482068.981616"
"Case 411","155.000000","260.000000","340.000000","90.000000","40.000000","2000.000000","127.781117","3.473695","49482069.173277"
"Case 412","155.000000","260.000000","340.000000","90.000000","60.000000","1000.000000","127.781117","3.473695","49482069.165066"
"Case 413","155.000000","260.000000","340.000000","90.000000","60.000000","1500.000000","127.781117","3.473695","49482069.164723"
"Case 414","155.000000","260.000000","340.000000","90.000000","60.000000","2000.000000","127.781117","3.473695","49482069.164721"
"Case 415","155.000000","260.000000","340.000000","100.000000","20.000000","1000.000000","127.780187","3.474209","49307516.213667"
"Case 416","155.000000","260.000000","340.000000","100.000000","20.000000","1500.000000","127.781104","3.473632","49312899.296441"
"Case 417","155.000000","260.000000","340.000000","100.000000","20.000000","2000.000000","127.781058","3.473993","49312072.004822"
"Case 418","155.000000","260.000000","340.000000","100.000000","40.000000","1000.000000","127.781129","3.473861","49312300.107104"
"Case 419","155.000000","260.000000","340.000000","100.000000","40.000000","1500.000000","127.781110","3.473829","49312203.228481"
"Case 420","155.000000","260.000000","340.000000","100.000000","40.000000","2000.000000","127.781113","3.473828","49312202.755282"
"Case 421","155.000000","260.000000","340.000000","100.000000","60.000000","1000.000000","127.781113","3.473828","49312202.769493"
"Case 422","155.000000","260.000000","340.000000","100.000000","60.000000","1500.000000","127.781113","3.473828","49312202.770057"
"Case 423","155.000000","260.000000","340.000000","100.000000","60.000000","2000.000000","127.781113","3.473828","49312202.770058"
"Case 424","155.000000","260.000000","340.000000","110.000000","20.000000","1000.000000","127.781687","3.473799","48957525.639498"
"Case 425","155.000000","260.000000","340.000000","110.000000","20.000000","1500.000000","127.781047","3.474079","48954105.375993"
"Case 426","155.000000","260.000000","340.000000","110.000000","20.000000","2000.000000","127.781172","3.474210","48954802.909969"
"Case 427","155.000000","260.000000","340.000000","110.000000","40.000000","1000.000000","127.781107","3.473841","48954725.942854"
"Case 428","155.000000","260.000000","340.000000","110.000000","40.000000","1500.000000","127.781130","3.473836","48954832.818087"
"Case 429","155.000000","260.000000","340.000000","110.000000","40.000000","2000.000000","127.781127","3.473836","48954833.203898"
"Case 430","155.000000","260.000000","340.000000","110.000000","60.000000","1000.000000","127.781127","3.473836","48954833.187972"
"Case 431","155.000000","260.000000","340.000000","110.000000","60.000000","1500.000000","127.781127","3.473836","48954833.187343"
"Case 432","155.000000","260.000000","340.000000","110.000000","60.000000","2000.000000","127.781127","3.473836","48954833.187349"
"Case 433","155.000000","260.000000","350.000000","90.000000","20.000000","1000.000000","128.288396","2.623265","48230397.595565"
"Case 434","155.000000","260.000000","350.000000","90.000000","20.000000","1500.000000","128.288422","2.621492","48234891.517363"
"Case 435","155.000000","260.000000","350.000000","90.000000","20.000000","2000.000000","128.288316","2.622120","48234347.683083"
"Case 436","155.000000","260.000000","350.000000","90.000000","40.000000","1000.000000","128.288359","2.622197","48234557.774844"
"Case 437","155.000000","260.000000","350.000000","90.000000","40.000000","1500.000000","128.288343","2.621875","48234690.424700"
"Case 438","155.000000","260.000000","350.000000","90.000000","40.000000","2000.000000","128.288345","2.621871","48234691.166596"
"Case 439","155.000000","260.000000","350.000000","90.000000","60.000000","1000.000000","128.288345","2.621871","48234691.194480"
"Case 440","155.000000","260.000000","350.000000","90.000000","60.000000","1500.000000","128.288345","2.621871","48234691.195522"
"Case 441","155.000000","260.000000","350.000000","90.000000","60.000000","2000.000000","128.288345","2.621871","48234691.195540"
"Case 442","155.000000","260.000000","350.000000","100.000000","20.000000","1000.000000","128.287934","2.622096","48067357.057278"
"Case 443","155.000000","260.000000","350.000000","100.000000","20.000000","1500.000000","128.288415","2.621741","48070442.382437"
"Case 444","155.000000","260.000000","350.000000","100.000000","20.000000","2000.000000","128.288301","2.621627","48069782.190192"
"Case 445","155.000000","260.000000","350.000000","100.000000","40.000000","1000.000000","128.288358","2.621979","48069758.878352"
"Case 446","155.000000","260.000000","350.000000","100.000000","40.000000","1500.000000","128.288338","2.621977","48069659.088278"
"Case 447","155.000000","260.000000","350.000000","100.000000","40.000000","2000.000000","128.288341","2.621978","48069658.550357"
"Case 448","155.000000","260.000000","350.000000","100.000000","60.000000","1000.000000","128.288341","2.621978","48069658.575363"
"Case 449","155.000000","260.000000","350.000000","100.000000","60.000000","1500.000000","128.288341","2.621978","48069658.576479"
"Case 450","155.000000","260.000000","350.000000","100.000000","60.000000","2000.000000","128.288341","2.621978","48069658.576519"
"Case 451","155.000000","260.000000","350.000000","110.000000","20.000000","1000.000000","128.289123","2.621625","47685744.807314"
"Case 452","155.000000","260.000000","350.000000","110.000000","20.000000","1500.000000","128.288186","2.622285","47680728.994186"
"Case 453","155.000000","260.000000","350.000000","110.000000","20.000000","2000.000000","128.288430","2.622509","47682026.211515"
"Case 454","155.000000","260.000000","350.000000","110.000000","40.000000","1000.000000","128.288299","2.621829","47682015.721936"
"Case 455","155.000000","260.000000","350.000000","110.000000","40.000000","1500.000000","128.288354","2.621836","47682269.867743"
"Case 456","155.000000","260.000000","350.000000","110.000000","40.000000","2000.000000","128.288345","2.621836","47682271.223166"
"Case 457","155.000000","260.000000","350.000000","110.000000","60.000000","1000.000000","128.288346","2.621835","47682271.189843"
"Case 458","155.000000","260.000000","350.000000","110.000000","60.000000","1500.000000","128.288346","2.621835","47682271.187447"
"Case 459","155.000000","260.000000","350.000000","110.000000","60.000000","2000.000000","128.288346","2.621835","47682271.187390"
"Case 460","155.000000","260.000000","360.000000","90.000000","20.000000","1000.000000","128.569087","1.992007","48032191.572339"
"Case 461","155.000000","260.000000","360.000000","90.000000","20.000000","1500.000000","128.569169","1.989816","48038416.936666"
"Case 462","155.000000","260.000000","360.000000","90.000000","20.000000","2000.000000","128.569076","1.990425","48038702.245240"
"Case 463","155.000000","260.000000","360.000000","90.000000","40.000000","1000.000000","128.569115","1.990115","48039659.210474"
"Case 464","155.000000","260.000000","360.000000","90.000000","40.000000","1500.000000","128.569100","1.990150","48039951.291216"
"Case 465","155.000000","260.000000","360.000000","90.000000","40.000000","2000.000000","128.569102","1.990187","48039951.659909"
"Case 466","155.000000","260.000000","360.000000","90.000000","60.000000","1000.000000","128.569102","1.990188","48039951.728321"
"Case 467","155.000000","260.000000","360.000000","90.000000","60.000000","1500.000000","128.569102","1.990188","48039951.731363"
"Case 468","155.000000","260.000000","360.000000","90.000000","60.000000","2000.000000","128.569102","1.990188","48039951.731424"
"Case 469","155.000000","260.000000","360.000000","100.000000","20.000000","1000.000000","128.569616","1.989759","47880559.724401"
"Case 470","155.000000","260.000000","360.000000","100.000000","20.000000","1500.000000","128.569013","1.990486","47876614.429639"
"Case 471","155.000000","260.000000","360.000000","100.000000","20.000000","2000.000000","128.569158","1.990499","47877808.977755"
"Case 472","155.000000","260.000000","360.000000","100.000000","40.000000","1000.000000","128.569083","1.990108","47878103.500459"
"Case 473","155.000000","260.000000","360.000000","100.000000","40.000000","1500.000000","128.569111","1.990132","47878245.688738"
"Case 474","155.000000","260.000000","360.000000","100.000000","40.000000","2000.000000","128.569106","1.990132","47878246.732816"
"Case 475","155.000000","260.000000","360.000000","100.000000","60.000000","1000.000000","128.569107","1.990132","47878246.680751"
"Case 476","155.000000","260.000000","360.000000","100.000000","60.000000","1500.000000","128.569107","1.990132","47878246.677998"
"Case 477","155.000000","260.000000","360.000000","100.000000","60.000000","2000.000000","128.569107","1.990132","47878246.677965"
"Case 478","155.000000","260.000000","360.000000","110.000000","20.000000","1000.000000","128.569794","1.989676","47471317.093840"
"Case 479","155.000000","260.000000","360.000000","110.000000","20.000000","1500.000000","128.568918","1.990643","47466883.993834"
"Case 480","155.000000","260.000000","360.000000","110.000000","20.000000","2000.000000","128.569201","1.990947","47468319.019208"
"Case 481","155.000000","260.000000","360.000000","110.000000","40.000000","1000.000000","128.569036","1.990675","47468544.924037"
"Case 482","155.000000","260.000000","360.000000","110.000000","40.000000","1500.000000","128.569114","1.990759","47468905.728965"
"Case 483","155.000000","260.000000","360.000000","110.000000","40.000000","2000.000000","128.569076","1.990757","47468731.085117"
"Case 484","155.000000","260.000000","360.000000","110.000000","60.000000","1000.000000","128.569082","1.990757","47468729.639420"
"Case 485","155.000000","260.000000","360.000000","110.000000","60.000000","1500.000000","128.569082","1.990757","47468729.686056"
"Case 486","155.000000","260.000000","360.000000","110.000000","60.000000","2000.000000","128.569082","1.990757","47468729.690255"
"Case 487","170.000000","240.000000","340.000000","90.000000","20.000000","1000.000000","127.364495","4.374167","52691988.121903"
"Case 488","170.000000","240.000000","340.000000","90.000000","20.000000","1500.000000","127.364884","4.375915","52693730.283004"
"Case 489","170.000000","240.000000","340.000000","90.000000","20.000000","2000.000000","127.364800","4.375153","52693109.460179"
"Case 490","170.000000","240.000000","340.000000","90.000000","40.000000","1000.000000","127.364844","4.375459","52693185.483486"
"Case 491","170.000000","240.000000","340.000000","90.000000","40.000000","1500.000000","127.364831","4.375462","52693122.563694"
"Case 492","170.000000","240.000000","340.000000","90.000000","40.000000","2000.000000","127.364833","4.375462","52693122.371081"
"Case 493","170.000000","240.000000","340.000000","90.000000","60.000000","1000.000000","127.364833","4.375462","52693122.374920"
"Case 494","170.000000","240.000000","340.000000","90.000000","60.000000","1500.000000","127.364833","4.375462","52693122.374959"
"Case 495","170.000000","240.000000","340.000000","90.000000","60.000000","2000.000000","127.364833","4.375462","52693122.374950"
"Case 496","170.000000","240.000000","340.000000","100.000000","20.000000","1000.000000","127.366023","4.375104","52522450.975097"
"Case 497","170.000000","240.000000","340.000000","100.000000","20.000000","1500.000000","127.364832","4.375732","52516707.943501"
"Case 498","170.000000","240.000000","340.000000","100.000000","20.000000","2000.000000","127.364871","4.375243","52517515.065905"
"Case 499","170.000000","240.000000","340.000000","100.000000","40.000000","1000.000000","127.364823","4.375218","52517313.216168"
"Case 500","170.000000","240.000000","340.000000","100.000000","40.000000","1500.000000","127.364839","4.375220","52517387.549684"
"Case 501","170.000000","240.000000","340.000000","100.000000","40.000000","2000.000000","127.364837","4.375220","52517387.713232"
"Case 502","170.000000","240.000000","340.000000","100.000000","60.000000","1000.000000","127.364837","4.375220","52517387.705408"
"Case 503","170.000000","240.000000","340.000000","100.000000","60.000000","1500.000000","127.364837","4.375220","52517387.705220"
"Case 504","170.000000","240.000000","340.000000","100.000000","60.000000","2000.000000","127.364837","4.375220","52517387.705225"
"Case 505","170.000000","240.000000","340.000000","110.000000","20.000000","1000.000000","127.364294","4.375569","52189980.508260"
"Case 506","170.000000","240.000000","340.000000","110.000000","20.000000","1500.000000","127.364897","4.375188","52193505.883169"
"Case 507","170.000000","240.000000","340.000000","110.000000","20.000000","2000.000000","127.364796","4.375066","52192918.758493"
"Case 508","170.000000","240.000000","340.000000","110.000000","40.000000","1000.000000","127.364848","4.375071","52193143.108457"
"Case 509","170.000000","240.000000","340.000000","110.000000","40.000000","1500.000000","127.364841","4.375070","52193143.703502"
"Case 510","170.000000","240.000000","340.000000","110.000000","40.000000","2000.000000","127.364841","4.375070","52193143.721131"
"Case 511","170.000000","240.000000","340.000000","110.000000","60.000000","1000.000000","127.364841","4.375070","52193143.720992"
"Case 512","170.000000","240.000000","340.000000","110.000000","60.000000","1500.000000","127.364841","4.375070","52193143.721013"
"Case 513","170.000000","240.000000","340.000000","110.000000","60.000000","2000.000000","127.364841","4.375070","52193143.721015"
"Case 514","170.000000","240.000000","350.000000","90.000000","20.000000","1000.000000","127.892581","3.227794","50581564.852080"
"Case 515","170.000000","240.000000","350.000000","90.000000","20.000000","1500.000000","127.893248","3.227480","50588424.573816"
"Case 516","170.000000","240.000000","350.000000","90.000000","20.000000","2000.000000","127.893263","3.227443","50588837.841357"
"Case 517","170.000000","240.000000","350.000000","90.000000","40.000000","1000.000000","127.893326","3.227398","50589191.635202"
"Case 518","170.000000","240.000000","350.000000","90.000000","40.000000","1500.000000","127.893315","3.227403","50589144.777139"
"Case 519","170.000000","240.000000","350.000000","90.000000","40.000000","2000.000000","127.893317","3.227404","50589144.461763"
"Case 520","170.000000","240.000000","350.000000","90.000000","60.000000","1000.000000","127.893317","3.227404","50589144.478785"
"Case 521","170.000000","240.000000","350.000000","90.000000","60.000000","1500.000000","127.893317","3.227404","50589144.479462"
"Case 522","170.000000","240.000000","350.000000","90.000000","60.000000","2000.000000","127.893317","3.227404","50589144.479466"
"Case 523","170.000000","240.000000","350.000000","100.000000","20.000000","1000.000000","127.893766","3.227292","50423484.313743"
"Case 524","170.000000","240.000000","350.000000","100.000000","20.000000","1500.000000","127.893293","3.227553","50420258.386303"
"Case 525","170.000000","240.000000","350.000000","100.000000","20.000000","2000.000000","127.893360","3.227644","50420669.102300"
"Case 526","170.000000","240.000000","350.000000","100.000000","40.000000","1000.000000","127.893309","3.227365","50420708.136853"
"Case 527","170.000000","240.000000","350.000000","100.000000","40.000000","1500.000000","127.893324","3.227371","50420766.591853"
"Case 528","170.000000","240.000000","350.000000","100.000000","40.000000","2000.000000","127.893322","3.227371","50420766.968276"
"Case 529","170.000000","240.000000","350.000000","100.000000","60.000000","1000.000000","127.893322","3.227371","50420766.958133"
"Case 530","170.000000","240.000000","350.000000","100.000000","60.000000","1500.000000","127.893322","3.227371","50420766.957610"
"Case 531","170.000000","240.000000","350.000000","100.000000","60.000000","2000.000000","127.893322","3.227371","50420766.957604"
"Case 532","170.000000","240.000000","350.000000","110.000000","20.000000","1000.000000","127.892733","3.227585","50051893.095949"
"Case 533","170.000000","240.000000","350.000000","110.000000","20.000000","1500.000000","127.893404","3.227191","50055517.550431"
"Case 534","170.000000","240.000000","350.000000","110.000000","20.000000","2000.000000","127.893265","3.227051","50054824.581741"
"Case 535","170.000000","240.000000","350.000000","110.000000","40.000000","1000.000000","127.893339","3.227485","50054801.740404"
"Case 536","170.000000","240.000000","350.000000","110.000000","40.000000","1500.000000","127.893311","3.227487","50054697.219174"
"Case 537","170.000000","240.000000","350.000000","110.000000","40.000000","2000.000000","127.893316","3.227487","50054696.594715"
"Case 538","170.000000","240.000000","350.000000","110.000000","60.000000","1000.000000","127.893315","3.227487","50054696.607832"
"Case 539","170.000000","240.000000","350.000000","110.000000","60.000000","1500.000000","127.893315","3.227487","50054696.608731"
"Case 540","170.000000","240.000000","350.000000","110.000000","60.000000","2000.000000","127.893315","3.227487","50054696.608744"
"Case 541","170.000000","240.000000","360.000000","90.000000","20.000000","1000.000000","128.374057","2.416202","49480100.884085"
"Case 542","170.000000","240.000000","360.000000","90.000000","20.000000","1500.000000","128.374041","2.414564","49484304.076207"
"Case 543","170.000000","240.000000","360.000000","90.000000","20.000000","2000.000000","128.373969","2.415118","49484026.361029"
"Case 544","170.000000","240.000000","360.000000","90.000000","40.000000","1000.000000","128.373996","2.415181","49484105.460759"
"Case 545","170.000000","240.000000","360.000000","90.000000","40.000000","1500.000000","128.373992","2.415182","49484106.418944"
"Case 546","170.000000","240.000000","360.000000","90.000000","40.000000","2000.000000","128.373992","2.415182","49484106.350812"
"Case 547","170.000000","240.000000","360.000000","90.000000","60.000000","1000.000000","128.373992","2.415182","49484106.347954"
"Case 548","170.000000","240.000000","360.000000","90.000000","60.000000","1500.000000","128.373992","2.415182","49484106.347942"
"Case 549","170.000000","240.000000","360.000000","90.000000","60.000000","2000.000000","128.373992","2.415182","49484106.347946"
"Case 550","170.000000","240.000000","360.000000","100.000000","20.000000","1000.000000","128.374319","2.414774","49322057.328271"
"Case 551","170.000000","240.000000","360.000000","100.000000","20.000000","1500.000000","128.373939","2.415127","49319742.183978"
"Case 552","170.000000","240.000000","360.000000","100.000000","20.000000","2000.000000","128.374016","2.415222","49320157.773366"
"Case 553","170.000000","240.000000","360.000000","100.000000","40.000000","1000.000000","128.373981","2.414913","49320346.254886"
"Case 554","170.000000","240.000000","360.000000","100.000000","40.000000","1500.000000","128.373992","2.414919","49320384.362526"
"Case 555","170.000000","240.000000","360.000000","100.000000","40.000000","2000.000000","128.373990","2.414919","49320384.763314"
"Case 556","170.000000","240.000000","360.000000","100.000000","60.000000","1000.000000","128.373990","2.414919","49320384.745320"
"Case 557","170.000000","240.000000","360.000000","100.000000","60.000000","1500.000000","128.373990","2.414919","49320384.744320"
"Case 558","170.000000","240.000000","360.000000","100.000000","60.000000","2000.000000","128.373990","2.414919","49320384.744305"
"Case 559","170.000000","240.000000","360.000000","110.000000","20.000000","1000.000000","128.374736","2.414651","48929082.786481"
"Case 560","170.000000","240.000000","360.000000","110.000000","20.000000","1500.000000","128.373844","2.415329","48924401.681883"
"Case 561","170.000000","240.000000","360.000000","110.000000","20.000000","2000.000000","128.374075","2.415555","48925520.549008"
"Case 562","170.000000","240.000000","360.000000","110.000000","40.000000","1000.000000","128.373955","2.414859","48925764.853000"
"Case 563","170.000000","240.000000","360.000000","110.000000","40.000000","1500.000000","128.374003","2.414870","48925949.725488"
"Case 564","170.000000","240.000000","360.000000","110.000000","40.000000","2000.000000","128.373995","2.414870","48925950.725044"
"Case 565","170.000000","240.000000","360.000000","110.000000","60.000000","1000.000000","128.373995","2.414870","48925950.674015"
"Case 566","170.000000","240.000000","360.000000","110.000000","60.000000","1500.000000","128.373995","2.414870","48925950.670816"
"Case 567","170.000000","240.000000","360.000000","110.000000","60.000000","2000.000000","128.373995","2.414870","48925950.670745"
"Case 568","170.000000","250.000000","340.000000","90.000000","20.000000","1000.000000","127.577959","3.910278","51292736.313813"
"Case 569","170.000000","250.000000","340.000000","90.000000","20.000000","1500.000000","127.578254","3.911735","51292679.756012"
"Case 570","170.000000","250.000000","340.000000","90.000000","20.000000","2000.000000","127.578212","3.911241","51292112.543382"
"Case 571","170.000000","250.000000","340.000000","90.000000","40.000000","1000.000000","127.578241","3.911440","51292040.851131"
"Case 572","170.000000","250.000000","340.000000","90.000000","40.000000","1500.000000","127.578238","3.911430","51292038.860485"
"Case 573","170.000000","250.000000","340.000000","90.000000","40.000000","2000.000000","127.578238","3.911430","51292038.761045"
"Case 574","170.000000","250.000000","340.000000","90.000000","60.000000","1000.000000","127.578238","3.911430","51292038.757319"
"Case 575","170.000000","250.000000","340.000000","90.000000","60.000000","1500.000000","127.578238","3.911430","51292038.757211"
"Case 576","170.000000","250.000000","340.000000","90.000000","60.000000","2000.000000","127.578238","3.911430","51292038.757209"
"Case 577","170.000000","250.000000","340.000000","100.000000","20.000000","1000.000000","127.577527","3.911516","51115709.963540"
"Case 578","170.000000","250.000000","340.000000","100.000000","20.000000","1500.000000","127.578209","3.911232","51119719.436698"
"Case 579","170.000000","250.000000","340.000000","100.000000","20.000000","2000.000000","127.578190","3.911457","51119209.000867"
"Case 580","170.000000","250.000000","340.000000","100.000000","40.000000","1000.000000","127.578242","3.911468","51119413.949503"
"Case 581","170.000000","250.000000","340.000000","100.000000","40.000000","1500.000000","127.578238","3.911468","51119414.420364"
"Case 582","170.000000","250.000000","340.000000","100.000000","40.000000","2000.000000","127.578238","3.911468","51119414.402107"
"Case 583","170.000000","250.000000","340.000000","100.000000","60.000000","1000.000000","127.578238","3.911468","51119414.401847"
"Case 584","170.000000","250.000000","340.000000","100.000000","60.000000","1500.000000","127.578238","3.911468","51119414.401866"
"Case 585","170.000000","250.000000","340.000000","100.000000","60.000000","2000.000000","127.578238","3.911468","51119414.401867"
"Case 586","170.000000","250.000000","340.000000","110.000000","20.000000","1000.000000","127.578944","3.911230","50781255.637461"
"Case 587","170.000000","250.000000","340.000000","110.000000","20.000000","1500.000000","127.578136","3.911609","50776818.786607"
"Case 588","170.000000","250.000000","340.000000","110.000000","20.000000","2000.000000","127.578290","3.911771","50777667.023912"
"Case 589","170.000000","250.000000","340.000000","110.000000","40.000000","1000.000000","127.578212","3.911293","50777543.382738"
"Case 590","170.000000","250.000000","340.000000","110.000000","40.000000","1500.000000","127.578240","3.911279","50777671.524248"
"Case 591","170.000000","250.000000","340.000000","110.000000","40.000000","2000.000000","127.578236","3.911279","50777671.935330"
"Case 592","170.000000","250.000000","340.000000","110.000000","60.000000","1000.000000","127.578237","3.911279","50777671.925984"
"Case 593","170.000000","250.000000","340.000000","110.000000","60.000000","1500.000000","127.578237","3.911279","50777671.925600"
"Case 594","170.000000","250.000000","340.000000","110.000000","60.000000","2000.000000","127.578237","3.911279","50777671.925600"
"Case 595","170.000000","250.000000","350.000000","90.000000","20.000000","1000.000000","128.038875","2.915561","49577512.951382"
"Case 596","170.000000","250.000000","350.000000","90.000000","20.000000","1500.000000","128.039430","2.915212","49583261.126925"
"Case 597","170.000000","250.000000","350.000000","90.000000","20.000000","2000.000000","128.039423","2.915253","49583502.598188"
"Case 598","170.000000","250.000000","350.000000","90.000000","40.000000","1000.000000","128.039480","2.915325","49583705.716316"
"Case 599","170.000000","250.000000","350.000000","90.000000","40.000000","1500.000000","128.039476","2.915328","49583706.581339"
"Case 600","170.000000","250.000000","350.000000","90.000000","40.000000","2000.000000","128.039476","2.915328","49583706.560981"
"Case 601","170.000000","250.000000","350.000000","90.000000","60.000000","1000.000000","128.039476","2.915328","49583706.560166"
"Case 602","170.000000","250.000000","350.000000","90.000000","60.000000","1500.000000","128.039476","2.915328","49583706.560174"
"Case 603","170.000000","250.000000","350.000000","90.000000","60.000000","2000.000000","128.039476","2.915328","49583706.560176"
"Case 604","170.000000","250.000000","350.000000","100.000000","20.000000","1000.000000","128.039183","2.915231","49415646.167363"
"Case 605","170.000000","250.000000","350.000000","100.000000","20.000000","1500.000000","128.039518","2.915052","49417775.982782"
"Case 606","170.000000","250.000000","350.000000","100.000000","20.000000","2000.000000","128.039446","2.914991","49417409.680543"
"Case 607","170.000000","250.000000","350.000000","100.000000","40.000000","1000.000000","128.039484","2.915167","49417417.772139"
"Case 608","170.000000","250.000000","350.000000","100.000000","40.000000","1500.000000","128.039479","2.915164","49417417.536880"
"Case 609","170.000000","250.000000","350.000000","100.000000","40.000000","2000.000000","128.039479","2.915164","49417417.486711"
"Case 610","170.000000","250.000000","350.000000","100.000000","60.000000","1000.000000","128.039479","2.915164","49417417.481733"
"Case 611","170.000000","250.000000","350.000000","100.000000","60.000000","1500.000000","128.039479","2.915164","49417417.481657"
"Case 612","170.000000","250.000000","350.000000","100.000000","60.000000","2000.000000","128.039479","2.915164","49417417.481657"
"Case 613","170.000000","250.000000","350.000000","110.000000","20.000000","1000.000000","128.040277","2.914865","49044252.933536"
"Case 614","170.000000","250.000000","350.000000","110.000000","20.000000","1500.000000","128.039330","2.915437","49039105.365057"
"Case 615","170.000000","250.000000","350.000000","110.000000","20.000000","2000.000000","128.039561","2.915625","49040303.955678"
"Case 616","170.000000","250.000000","350.000000","110.000000","40.000000","1000.000000","128.039435","2.915038","49040225.987558"
"Case 617","170.000000","250.000000","350.000000","110.000000","40.000000","1500.000000","128.039487","2.915046","49040453.779997"
"Case 618","170.000000","250.000000","350.000000","110.000000","40.000000","2000.000000","128.039479","2.915046","49040454.889092"
"Case 619","170.000000","250.000000","350.000000","110.000000","60.000000","1000.000000","128.039480","2.915046","49040454.856711"
"Case 620","170.000000","250.000000","350.000000","110.000000","60.000000","1500.000000","128.039480","2.915046","49040454.854922"
"Case 621","170.000000","250.000000","350.000000","110.000000","60.000000","2000.000000","128.039480","2.915046","49040454.854882"
"Case 622","170.000000","250.000000","360.000000","90.000000","20.000000","1000.000000","128.464505","2.199737","48868818.177403"
"Case 623","170.000000","250.000000","360.000000","90.000000","20.000000","1500.000000","128.464558","2.197866","48873771.205552"
"Case 624","170.000000","250.000000","360.000000","90.000000","20.000000","2000.000000","128.464459","2.198457","48873498.627071"
"Case 625","170.000000","250.000000","360.000000","90.000000","40.000000","1000.000000","128.464500","2.198208","48874056.290387"
"Case 626","170.000000","250.000000","360.000000","90.000000","40.000000","1500.000000","128.464485","2.198210","48873981.842181"
"Case 627","170.000000","250.000000","360.000000","90.000000","40.000000","2000.000000","128.464487","2.198211","48873981.389775"
"Case 628","170.000000","250.000000","360.000000","90.000000","60.000000","1000.000000","128.464487","2.198211","48873981.418419"
"Case 629","170.000000","250.000000","360.000000","90.000000","60.000000","1500.000000","128.464487","2.198211","48873981.419777"
"Case 630","170.000000","250.000000","360.000000","90.000000","60.000000","2000.000000","128.464487","2.198211","48873981.419792"
"Case 631","170.000000","250.000000","360.000000","100.000000","20.000000","1000.000000","128.464868","2.198082","48713080.944568"
"Case 632","170.000000","250.000000","360.000000","100.000000","20.000000","1500.000000","128.464425","2.198464","48710423.704868"
"Case 633","170.000000","250.000000","360.000000","100.000000","20.000000","2000.000000","128.464527","2.198591","48711033.722806"
"Case 634","170.000000","250.000000","360.000000","100.000000","40.000000","1000.000000","128.464475","2.198204","48711252.391736"
"Case 635","170.000000","250.000000","360.000000","100.000000","40.000000","1500.000000","128.464494","2.198214","48711349.108657"
"Case 636","170.000000","250.000000","360.000000","100.000000","40.000000","2000.000000","128.464491","2.198215","48711349.717694"
"Case 637","170.000000","250.000000","360.000000","100.000000","60.000000","1000.000000","128.464491","2.198215","48711349.690354"
"Case 638","170.000000","250.000000","360.000000","100.000000","60.000000","1500.000000","128.464491","2.198215","48711349.688913"
"Case 639","170.000000","250.000000","360.000000","100.000000","60.000000","2000.000000","128.464491","2.198215","48711349.688890"
"Case 640","170.000000","250.000000","360.000000","110.000000","20.000000","1000.000000","128.463835","2.198599","48306927.379551"
"Case 641","170.000000","250.000000","360.000000","110.000000","20.000000","1500.000000","128.464632","2.197855","48311109.691341"
"Case 642","170.000000","250.000000","360.000000","110.000000","20.000000","2000.000000","128.464391","2.197621","48309869.006374"
"Case 643","170.000000","250.000000","360.000000","110.000000","40.000000","1000.000000","128.464529","2.198340","48309679.359901"
"Case 644","170.000000","250.000000","360.000000","110.000000","40.000000","1500.000000","128.464466","2.198324","48309387.897837"
"Case 645","170.000000","250.000000","360.000000","110.000000","40.000000","2000.000000","128.464496","2.198327","48309524.395269"
"Case 646","170.000000","250.000000","360.000000","110.000000","60.000000","1000.000000","128.464491","2.198327","48309525.336579"
"Case 647","170.000000","250.000000","360.000000","110.000000","60.000000","1500.000000","128.464491","2.198327","48309525.312052"
"Case 648","170.000000","250.000000","360.000000","110.000000","60.000000","2000.000000","128.464491","2.198327","48309525.309864"
"Case 649","170.000000","260.000000","340.000000","90.000000","20.000000","1000.000000","127.780841","3.473781","49971172.120985"
"Case 650","170.000000","260.000000","340.000000","90.000000","20.000000","1500.000000","127.781149","3.473446","49970733.958517"
"Case 651","170.000000","260.000000","340.000000","90.000000","20.000000","2000.000000","127.781095","3.473939","49969373.006181"
"Case 652","170.000000","260.000000","340.000000","90.000000","40.000000","1000.000000","127.781122","3.473822","49969241.035632"
"Case 653","170.000000","260.000000","340.000000","90.000000","40.000000","1500.000000","127.781120","3.473776","49969236.636117"
"Case 654","170.000000","260.000000","340.000000","90.000000","40.000000","2000.000000","127.781120","3.473896","49969121.743950"
"Case 655","170.000000","260.000000","340.000000","90.000000","60.000000","1000.000000","127.781120","3.473890","49969120.579763"
"Case 656","170.000000","260.000000","340.000000","90.000000","60.000000","1500.000000","127.781120","3.473890","49969120.538421"
"Case 657","170.000000","260.000000","340.000000","90.000000","60.000000","2000.000000","127.781120","3.473890","49969120.537061"
"Case 658","170.000000","260.000000","340.000000","100.000000","20.000000","1000.000000","127.780179","3.474107","49794522.289451"
"Case 659","170.000000","260.000000","340.000000","100.000000","20.000000","1500.000000","127.781117","3.473605","49799930.383664"
"Case 660","170.000000","260.000000","340.000000","100.000000","20.000000","2000.000000","127.781068","3.473966","49799066.485695"
"Case 661","170.000000","260.000000","340.000000","100.000000","40.000000","1000.000000","127.781133","3.473830","49799286.293611"
"Case 662","170.000000","260.000000","340.000000","100.000000","40.000000","1500.000000","127.781118","3.473799","49799199.631744"
"Case 663","170.000000","260.000000","340.000000","100.000000","40.000000","2000.000000","127.781120","3.473798","49799199.217208"
"Case 664","170.000000","260.000000","340.000000","100.000000","60.000000","1000.000000","127.781120","3.473798","49799199.230330"
"Case 665","170.000000","260.000000","340.000000","100.000000","60.000000","1500.000000","127.781120","3.473798","49799199.230730"
"Case 666","170.000000","260.000000","340.000000","100.000000","60.000000","2000.000000","127.781120","3.473798","49799199.230723"
"Case 667","170.000000","260.000000","340.000000","110.000000","20.000000","1000.000000","127.781693","3.473764","49444559.888848"
"Case 668","170.000000","260.000000","340.000000","110.000000","20.000000","1500.000000","127.781046","3.474067","49441081.287216"
"Case 669","170.000000","260.000000","340.000000","110.000000","20.000000","2000.000000","127.781171","3.474201","49441793.708387"
"Case 670","170.000000","260.000000","340.000000","110.000000","40.000000","1000.000000","127.781109","3.473807","49441722.841025"
"Case 671","170.000000","260.000000","340.000000","110.000000","40.000000","1500.000000","127.781117","3.473796","49441722.358036"
"Case 672","170.000000","260.000000","340.000000","110.000000","40.000000","2000.000000","127.781116","3.473796","49441722.358406"
"Case 673","170.000000","260.000000","340.000000","110.000000","60.000000","1000.000000","127.781116","3.473796","49441722.358731"
"Case 674","170.000000","260.000000","340.000000","110.000000","60.000000","1500.000000","127.781116","3.473796","49441722.358711"
"Case 675","170.000000","260.000000","340.000000","110.000000","60.000000","2000.000000","127.781116","3.473796","49441722.358709"
"Case 676","170.000000","260.000000","350.000000","90.000000","20.000000","1000.000000","128.288468","2.623259","48703749.960440"
"Case 677","170.000000","260.000000","350.000000","90.000000","20.000000","1500.000000","128.288520","2.621474","48708260.022241"
"Case 678","170.000000","260.000000","350.000000","90.000000","20.000000","2000.000000","128.288421","2.622125","48707786.355089"
"Case 679","170.000000","260.000000","350.000000","90.000000","40.000000","1000.000000","128.288459","2.622201","48707942.349184"
"Case 680","170.000000","260.000000","350.000000","90.000000","40.000000","1500.000000","128.288447","2.621874","48708098.337829"
"Case 681","170.000000","260.000000","350.000000","90.000000","40.000000","2000.000000","128.288449","2.621869","48708099.000693"
"Case 682","170.000000","260.000000","350.000000","90.000000","60.000000","1000.000000","128.288448","2.621869","48708099.033953"
"Case 683","170.000000","260.000000","350.000000","90.000000","60.000000","1500.000000","128.288448","2.621869","48708099.035334"
"Case 684","170.000000","260.000000","350.000000","90.000000","60.000000","2000.000000","128.288448","2.621869","48708099.035356"
"Case 685","170.000000","260.000000","350.000000","100.000000","20.000000","1000.000000","128.288040","2.622095","48540706.703958"
"Case 686","170.000000","260.000000","350.000000","100.000000","20.000000","1500.000000","128.288515","2.621743","48543802.311322"
"Case 687","170.000000","260.000000","350.000000","100.000000","20.000000","2000.000000","128.288414","2.621633","48543229.104782"
"Case 688","170.000000","260.000000","350.000000","100.000000","40.000000","1000.000000","128.288462","2.621979","48543140.920363"
"Case 689","170.000000","260.000000","350.000000","100.000000","40.000000","1500.000000","128.288447","2.621978","48543073.858626"
"Case 690","170.000000","260.000000","350.000000","100.000000","40.000000","2000.000000","128.288449","2.621978","48543073.477879"
"Case 691","170.000000","260.000000","350.000000","100.000000","60.000000","1000.000000","128.288449","2.621978","48543073.495768"
"Case 692","170.000000","260.000000","350.000000","100.000000","60.000000","1500.000000","128.288449","2.621978","48543073.496582"
"Case 693","170.000000","260.000000","350.000000","100.000000","60.000000","2000.000000","128.288449","2.621978","48543073.496588"
"Case 694","170.000000","260.000000","350.000000","110.000000","20.000000","1000.000000","128.289255","2.621616","48159280.260072"
"Case 695","170.000000","260.000000","350.000000","110.000000","20.000000","1500.000000","128.288304","2.622292","48154230.688534"
"Case 696","170.000000","260.000000","350.000000","110.000000","20.000000","2000.000000","128.288543","2.622516","48155428.336950"
"Case 697","170.000000","260.000000","350.000000","110.000000","40.000000","1000.000000","128.288418","2.621826","48155499.083364"
"Case 698","170.000000","260.000000","350.000000","110.000000","40.000000","1500.000000","128.288468","2.621831","48155709.728018"
"Case 699","170.000000","260.000000","350.000000","110.000000","40.000000","2000.000000","128.288460","2.621831","48155711.111562"
"Case 700","170.000000","260.000000","350.000000","110.000000","60.000000","1000.000000","128.288460","2.621831","48155711.072941"
"Case 701","170.000000","260.000000","350.000000","110.000000","60.000000","1500.000000","128.288460","2.621831","48155711.070333"
"Case 702","170.000000","260.000000","350.000000","110.000000","60.000000","2000.000000","128.288460","2.621831","48155711.070271"
"Case 703","170.000000","260.000000","360.000000","90.000000","20.000000","1000.000000","128.569071","1.991991","48495044.377709"
"Case 704","170.000000","260.000000","360.000000","90.000000","20.000000","1500.000000","128.569160","1.989906","48500988.891440"
"Case 705","170.000000","260.000000","360.000000","90.000000","20.000000","2000.000000","128.569072","1.990397","48501653.072325"
"Case 706","170.000000","260.000000","360.000000","90.000000","40.000000","1000.000000","128.569108","1.990130","48502405.338907"
"Case 707","170.000000","260.000000","360.000000","90.000000","40.000000","1500.000000","128.569103","1.990165","48502652.941282"
"Case 708","170.000000","260.000000","360.000000","90.000000","40.000000","2000.000000","128.569103","1.990187","48502653.445541"
"Case 709","170.000000","260.000000","360.000000","90.000000","60.000000","1000.000000","128.569103","1.990188","48502653.461452"
"Case 710","170.000000","260.000000","360.000000","90.000000","60.000000","1500.000000","128.569103","1.990188","48502653.461803"
"Case 711","170.000000","260.000000","360.000000","90.000000","60.000000","2000.000000","128.569103","1.990188","48502653.461821"
"Case 712","170.000000","260.000000","360.000000","100.000000","20.000000","1000.000000","128.569641","1.989759","48343302.389273"
"Case 713","170.000000","260.000000","360.000000","100.000000","20.000000","1500.000000","128.569015","1.990498","48339234.766405"
"Case 714","170.000000","260.000000","360.000000","100.000000","20.000000","2000.000000","128.569160","1.990667","48340009.400641"
"Case 715","170.000000","260.000000","360.000000","100.000000","40.000000","1000.000000","128.569079","1.990660","48339689.240189"
"Case 716","170.000000","260.000000","360.000000","100.000000","40.000000","1500.000000","128.569109","1.990664","48339813.669037"
"Case 717","170.000000","260.000000","360.000000","100.000000","40.000000","2000.000000","128.569104","1.990664","48339814.844725"
"Case 718","170.000000","260.000000","360.000000","100.000000","60.000000","1000.000000","128.569104","1.990664","48339814.786463"
"Case 719","170.000000","260.000000","360.000000","100.000000","60.000000","1500.000000","128.569104","1.990664","48339814.783790"
"Case 720","170.000000","260.000000","360.000000","100.000000","60.000000","2000.000000","128.569104","1.990664","48339814.784598"
"Case 721","170.000000","260.000000","360.000000","110.000000","20.000000","1000.000000","128.569700","1.989680","47933427.381948"
"Case 722","170.000000","260.000000","360.000000","110.000000","20.000000","1500.000000","128.568827","1.990684","47929242.487733"
"Case 723","170.000000","260.000000","360.000000","110.000000","20.000000","2000.000000","128.569123","1.989960","47931984.749994"
"Case 724","170.000000","260.000000","360.000000","110.000000","40.000000","1000.000000","128.568965","1.990286","47931253.339072"
"Case 725","170.000000","260.000000","360.000000","110.000000","40.000000","1500.000000","128.569039","1.990357","47931654.169770"
"Case 726","170.000000","260.000000","360.000000","110.000000","40.000000","2000.000000","128.569001","1.990117","47931826.203642"
"Case 727","170.000000","260.000000","360.000000","110.000000","60.000000","1000.000000","128.569006","1.990128","47931826.252724"
"Case 728","170.000000","260.000000","360.000000","110.000000","60.000000","1500.000000","128.569006","1.990128","47931826.322704"
"Case 729","170.000000","260.000000","360.000000","110.000000","60.000000","2000.000000","128.569006","1.990128","47931826.326949"
